order_external_id,sku,quantity,unit_price
EXT100001,SKU0027,6,462.70
EXT100001,SKU0039,6,99.72
EXT100002,SKU0046,6,204.26
EXT100002,SKU0048,6,64.18
EXT100002,SKU0036,3,80.14
EXT100003,SKU0046,2,181.77
EXT100003,SKU0042,5,93.69
EXT100004,SKU0049,3,91.64
EXT100005,SKU0038,4,409.13
EXT100005,SKU0037,5,53.00
EXT100005,SKU0043,3,148.29
EXT100005,SKU0046,1,195.44
EXT100006,SKU0002,4,160.16
EXT100007,SKU0018,2,44.74
EXT100007,SKU0049,3,92.32
EXT100008,SKU0045,3,174.22
EXT100009,SKU0049,1,90.16
EXT100009,SKU0035,5,423.62
EXT100010,SKU0048,5,59.25
EXT100010,SKU0042,6,104.47
EXT100011,SKU0045,4,161.78
EXT100011,SKU0043,6,154.53
EXT100011,SKU0004,3,138.12
EXT100012,SKU0013,4,6.74
EXT100012,SKU0040,2,189.89
EXT100012,SKU0050,6,22.95
EXT100013,SKU0049,6,86.96
EXT100013,SKU0038,2,407.50
EXT100013,SKU0035,3,351.12
EXT100014,SKU0012,2,434.34
EXT100015,SKU0025,1,322.94
EXT100016,SKU0011,3,52.09
EXT100016,SKU0038,1,413.61
EXT100017,SKU0003,3,60.15
EXT100017,SKU0010,5,274.02
EXT100018,SKU0032,3,97.20
EXT100018,SKU0037,1,59.05
EXT100018,SKU0036,2,80.22
EXT100019,SKU0034,5,415.68
EXT100019,SKU0005,4,392.13
EXT100020,SKU0023,2,166.23
EXT100021,SKU0024,5,427.77
EXT100021,SKU0019,5,423.76
EXT100021,SKU0014,6,323.61
EXT100022,SKU0008,6,103.56
EXT100023,SKU0003,3,58.00
EXT100023,SKU0044,4,533.91
EXT100024,SKU0017,1,265.50
EXT100024,SKU0035,5,414.94
EXT100024,SKU0047,5,161.56
EXT100024,SKU0019,4,433.54
EXT100025,SKU0021,1,294.36
EXT100025,SKU0033,1,416.62
EXT100026,SKU0041,1,127.88
EXT100027,SKU0043,2,147.87
EXT100027,SKU0041,1,110.80
EXT100028,SKU0035,6,410.94
EXT100028,SKU0045,1,166.09
EXT100029,SKU0002,6,151.58
EXT100029,SKU0030,1,441.05
EXT100030,SKU0017,1,273.60
EXT100030,SKU0036,3,82.43
EXT100031,SKU0025,4,335.72
EXT100031,SKU0029,1,85.20
EXT100031,SKU0041,5,124.55
EXT100031,SKU0026,1,56.05
EXT100032,SKU0045,1,172.20
EXT100033,SKU0044,1,505.90
EXT100033,SKU0020,3,22.95
EXT100033,SKU0039,4,98.25
EXT100034,SKU0031,2,429.61
EXT100035,SKU0035,3,404.02
EXT100035,SKU0019,6,496.93
EXT100035,SKU0041,6,105.60
EXT100035,SKU0010,6,225.75
EXT100036,SKU0008,1,115.02
EXT100036,SKU0003,5,53.41
EXT100037,SKU0020,2,22.02
EXT100038,SKU0014,5,326.76
EXT100038,SKU0027,5,453.66
EXT100038,SKU0042,3,101.69
EXT100039,SKU0049,5,96.17
EXT100040,SKU0042,6,102.69
EXT100040,SKU0036,6,84.58
EXT100040,SKU0005,5,355.86
EXT100040,SKU0019,2,454.07
EXT100041,SKU0007,5,112.50
EXT100041,SKU0019,4,458.74
EXT100042,SKU0022,6,205.60
EXT100042,SKU0040,3,172.28
EXT100042,SKU0043,3,147.11
EXT100042,SKU0020,3,22.65
EXT100043,SKU0015,6,82.81
EXT100043,SKU0046,3,196.52
EXT100044,SKU0044,3,503.01
EXT100044,SKU0047,3,162.38
EXT100045,SKU0032,2,92.60
EXT100045,SKU0036,3,82.43
EXT100045,SKU0007,2,112.06
EXT100046,SKU0047,1,165.39
EXT100047,SKU0033,6,417.69
EXT100048,SKU0050,5,24.25
EXT100048,SKU0038,3,354.40
EXT100048,SKU0014,4,304.59
EXT100048,SKU0003,6,56.70
EXT100049,SKU0050,6,22.81
EXT100049,SKU0038,3,446.90
EXT100050,SKU0026,3,58.34
EXT100051,SKU0043,2,150.39
EXT100052,SKU0049,2,86.48
EXT100052,SKU0033,4,405.97
EXT100053,SKU0048,4,65.47
EXT100053,SKU0047,3,182.76
EXT100054,SKU0005,3,380.42
EXT100054,SKU0017,2,291.92
EXT100055,SKU0025,1,345.72
EXT100055,SKU0031,1,460.68
EXT100055,SKU0030,6,430.65
EXT100056,SKU0048,5,59.36
EXT100056,SKU0017,4,276.79
EXT100056,SKU0038,3,390.84
EXT100057,SKU0034,3,379.61
EXT100058,SKU0015,3,80.12
EXT100058,SKU0034,5,404.01
EXT100058,SKU0026,1,54.35
EXT100058,SKU0023,2,157.54
EXT100059,SKU0005,6,370.46
EXT100059,SKU0033,2,403.26
EXT100060,SKU0039,6,104.96
EXT100060,SKU0046,6,221.22
EXT100060,SKU0008,1,99.78
EXT100061,SKU0038,6,432.84
EXT100061,SKU0011,4,51.44
EXT100062,SKU0009,5,428.08
EXT100062,SKU0041,1,117.87
EXT100063,SKU0017,5,277.60
EXT100063,SKU0012,4,393.82
EXT100064,SKU0047,6,162.56
EXT100065,SKU0006,5,153.85
EXT100065,SKU0014,2,318.91
EXT100065,SKU0029,2,84.17
EXT100066,SKU0040,5,167.52
EXT100066,SKU0043,3,148.28
EXT100067,SKU0039,4,110.65
EXT100067,SKU0038,4,432.65
EXT100067,SKU0005,5,375.01
EXT100067,SKU0015,5,81.79
EXT100068,SKU0012,4,379.90
EXT100069,SKU0035,5,406.45
EXT100070,SKU0039,1,101.49
EXT100070,SKU0035,6,391.71
EXT100071,SKU0003,4,53.52
EXT100071,SKU0045,2,188.32
EXT100071,SKU0034,4,393.41
EXT100072,SKU0038,6,409.90
EXT100072,SKU0048,3,60.59
EXT100072,SKU0049,4,94.41
EXT100073,SKU0019,5,403.03
EXT100074,SKU0017,6,287.20
EXT100074,SKU0013,1,6.33
EXT100074,SKU0001,5,360.03
EXT100074,SKU0046,6,203.51
EXT100075,SKU0027,2,416.39
EXT100075,SKU0024,3,463.34
EXT100075,SKU0007,5,104.64
EXT100076,SKU0044,2,494.27
EXT100076,SKU0026,4,52.50
EXT100076,SKU0049,2,91.47
EXT100077,SKU0036,3,77.42
EXT100077,SKU0031,4,423.46
EXT100077,SKU0017,6,300.90
EXT100078,SKU0048,2,66.82
EXT100079,SKU0045,5,172.23
EXT100079,SKU0011,5,52.04
EXT100079,SKU0007,5,106.47
EXT100079,SKU0014,2,296.65
EXT100080,SKU0041,4,120.86
EXT100080,SKU0001,1,327.53
EXT100080,SKU0006,3,140.31
EXT100080,SKU0010,1,251.78
EXT100081,SKU0026,3,54.98
EXT100081,SKU0040,2,166.42
EXT100081,SKU0042,6,99.86
EXT100081,SKU0034,6,402.21
EXT100082,SKU0013,5,6.52
EXT100082,SKU0003,2,56.08
EXT100082,SKU0039,6,107.53
EXT100083,SKU0011,1,51.11
EXT100084,SKU0050,6,22.68
EXT100084,SKU0026,5,58.15
EXT100084,SKU0023,1,157.35
EXT100085,SKU0036,3,82.23
EXT100086,SKU0023,5,166.04
EXT100086,SKU0018,4,41.71
EXT100086,SKU0015,5,87.61
EXT100087,SKU0036,1,83.88
EXT100088,SKU0022,3,231.94
EXT100088,SKU0008,5,98.98
EXT100088,SKU0033,3,374.75
EXT100089,SKU0050,4,21.02
EXT100089,SKU0016,6,260.15
EXT100089,SKU0049,1,94.91
EXT100089,SKU0022,4,220.77
EXT100090,SKU0044,2,489.64
EXT100090,SKU0045,3,171.71
EXT100091,SKU0045,3,183.18
EXT100092,SKU0019,4,433.08
EXT100092,SKU0006,1,128.30
EXT100093,SKU0031,3,446.95
EXT100093,SKU0021,2,312.12
EXT100094,SKU0032,2,94.11
EXT100094,SKU0048,3,64.39
EXT100095,SKU0015,2,87.04
EXT100095,SKU0013,1,6.49
EXT100096,SKU0006,6,147.64
EXT100097,SKU0049,5,91.90
EXT100098,SKU0031,3,422.64
EXT100099,SKU0032,5,90.03
EXT100099,SKU0012,3,387.81
EXT100099,SKU0049,2,98.04
EXT100100,SKU0034,4,377.26
EXT100101,SKU0026,2,56.35
EXT100101,SKU0044,4,520.63
EXT100101,SKU0050,4,23.67
EXT100102,SKU0045,2,175.83
EXT100102,SKU0001,3,340.90
EXT100102,SKU0044,5,493.67
EXT100103,SKU0016,5,271.25
EXT100103,SKU0018,3,40.60
EXT100103,SKU0031,2,460.65
EXT100104,SKU0045,3,167.73
EXT100104,SKU0049,5,95.24
EXT100104,SKU0024,6,451.36
EXT100104,SKU0026,3,57.15
EXT100105,SKU0036,4,86.30
EXT100105,SKU0028,6,528.26
EXT100106,SKU0031,2,430.85
EXT100106,SKU0001,6,339.86
EXT100107,SKU0032,5,94.70
EXT100107,SKU0020,1,22.55
EXT100107,SKU0017,6,287.75
EXT100108,SKU0031,4,454.45
EXT100108,SKU0041,6,112.58
EXT100108,SKU0007,5,113.72
EXT100109,SKU0023,1,150.54
EXT100109,SKU0002,5,162.49
EXT100109,SKU0027,2,414.25
EXT100110,SKU0050,3,23.13
EXT100110,SKU0019,3,440.30
EXT100111,SKU0006,4,132.65
EXT100111,SKU0025,6,375.84
EXT100111,SKU0040,6,173.25
EXT100111,SKU0019,3,424.98
EXT100112,SKU0005,2,384.59
EXT100112,SKU0006,3,137.44
EXT100112,SKU0011,3,52.61
EXT100112,SKU0022,5,212.42
EXT100113,SKU0050,5,23.19
EXT100113,SKU0024,4,437.67
EXT100113,SKU0048,1,63.11
EXT100113,SKU0038,2,425.59
EXT100114,SKU0014,2,297.01
EXT100115,SKU0007,1,114.68
EXT100115,SKU0005,1,375.59
EXT100115,SKU0031,1,440.30
EXT100115,SKU0036,6,86.23
EXT100116,SKU0020,3,22.27
EXT100116,SKU0015,5,85.75
EXT100116,SKU0016,2,298.27
EXT100116,SKU0048,3,62.91
EXT100117,SKU0030,4,467.82
EXT100117,SKU0035,5,443.46
EXT100117,SKU0018,2,40.29
EXT100117,SKU0036,6,81.30
EXT100118,SKU0034,3,387.77
EXT100118,SKU0041,1,115.83
EXT100118,SKU0035,4,398.87
EXT100118,SKU0020,2,23.93
EXT100119,SKU0001,2,325.08
EXT100119,SKU0034,1,420.91
EXT100119,SKU0049,6,103.38
EXT100120,SKU0020,3,21.53
EXT100120,SKU0001,5,335.83
EXT100120,SKU0050,3,24.08
EXT100120,SKU0028,2,460.50
EXT100121,SKU0016,6,287.47
EXT100121,SKU0011,4,51.54
EXT100121,SKU0046,1,196.53
EXT100121,SKU0048,4,59.45
EXT100122,SKU0019,5,433.11
EXT100122,SKU0042,3,92.18
EXT100122,SKU0048,2,65.26
EXT100123,SKU0019,6,428.57
EXT100123,SKU0008,6,107.39
EXT100124,SKU0013,1,6.83
EXT100124,SKU0021,1,292.75
EXT100124,SKU0002,3,151.73
EXT100124,SKU0010,6,266.24
EXT100125,SKU0015,1,87.88
EXT100126,SKU0027,3,463.60
EXT100126,SKU0020,4,22.74
EXT100126,SKU0032,1,92.65
EXT100127,SKU0004,4,142.81
EXT100127,SKU0018,2,43.28
EXT100128,SKU0025,6,342.81
EXT100128,SKU0001,4,364.41
EXT100128,SKU0008,2,105.67
EXT100129,SKU0048,6,61.28
EXT100129,SKU0050,2,22.16
EXT100129,SKU0007,3,110.66
EXT100129,SKU0034,3,419.74
EXT100130,SKU0017,4,301.80
EXT100131,SKU0013,6,6.79
EXT100131,SKU0024,6,460.76
EXT100131,SKU0004,4,134.05
EXT100132,SKU0038,2,441.61
EXT100132,SKU0008,1,112.62
EXT100132,SKU0026,6,55.16
EXT100133,SKU0045,1,178.90
EXT100133,SKU0039,6,109.90
EXT100133,SKU0010,5,229.61
EXT100133,SKU0024,6,500.51
EXT100134,SKU0004,3,129.41
EXT100135,SKU0009,4,401.01
EXT100136,SKU0021,6,294.46
EXT100136,SKU0036,4,76.22
EXT100137,SKU0002,4,150.60
EXT100137,SKU0045,1,182.56
EXT100138,SKU0046,5,200.69
EXT100138,SKU0029,2,79.00
EXT100138,SKU0036,5,79.88
EXT100138,SKU0019,3,482.47
EXT100139,SKU0005,2,339.77
EXT100139,SKU0034,5,413.74
EXT100140,SKU0030,6,397.79
EXT100140,SKU0001,1,334.57
EXT100140,SKU0050,5,25.23
EXT100141,SKU0021,1,273.47
EXT100141,SKU0047,6,184.21
EXT100142,SKU0034,4,394.49
EXT100142,SKU0044,5,494.79
EXT100143,SKU0042,5,103.98
EXT100143,SKU0021,6,318.78
EXT100143,SKU0008,2,109.87
EXT100143,SKU0007,2,111.83
EXT100144,SKU0013,6,6.60
EXT100144,SKU0007,4,105.61
EXT100144,SKU0003,6,53.40
EXT100144,SKU0037,5,58.41
EXT100145,SKU0001,2,351.61
EXT100146,SKU0006,3,124.40
EXT100146,SKU0030,4,414.77
EXT100146,SKU0041,3,115.90
EXT100146,SKU0004,5,133.65
EXT100147,SKU0034,1,406.21
EXT100147,SKU0003,2,55.30
EXT100147,SKU0047,5,180.04
EXT100148,SKU0013,5,7.07
EXT100148,SKU0034,6,426.43
EXT100148,SKU0043,5,139.95
EXT100148,SKU0016,4,277.50
EXT100149,SKU0044,6,442.39
EXT100149,SKU0030,4,442.67
EXT100149,SKU0045,2,175.19
EXT100150,SKU0033,5,413.50
EXT100150,SKU0022,3,217.62
EXT100150,SKU0043,3,119.85
EXT100150,SKU0011,3,48.03
EXT100151,SKU0049,3,88.72
EXT100151,SKU0041,2,110.68
EXT100151,SKU0028,4,492.53
EXT100151,SKU0047,3,149.73
EXT100152,SKU0029,6,84.76
EXT100152,SKU0026,1,56.37
EXT100152,SKU0001,5,358.91
EXT100153,SKU0020,2,24.63
EXT100154,SKU0021,6,307.78
EXT100154,SKU0002,5,137.76
EXT100155,SKU0007,4,107.42
EXT100155,SKU0003,3,57.49
EXT100156,SKU0015,3,88.58
EXT100156,SKU0017,2,290.45
EXT100157,SKU0047,3,170.31
EXT100158,SKU0039,6,100.71
EXT100159,SKU0003,4,57.12
EXT100159,SKU0047,3,170.28
EXT100159,SKU0037,3,60.78
EXT100160,SKU0050,2,23.06
EXT100161,SKU0041,6,111.71
EXT100162,SKU0021,5,301.76
EXT100163,SKU0021,6,294.20
EXT100163,SKU0033,6,398.49
EXT100164,SKU0029,5,85.16
EXT100164,SKU0049,4,96.05
EXT100164,SKU0039,2,105.24
EXT100164,SKU0037,5,59.41
EXT100165,SKU0036,4,83.47
EXT100166,SKU0050,2,25.14
EXT100166,SKU0045,4,169.19
EXT100166,SKU0009,6,418.20
EXT100166,SKU0049,5,95.54
EXT100167,SKU0016,3,296.22
EXT100167,SKU0005,4,353.67
EXT100168,SKU0008,6,116.54
EXT100169,SKU0028,3,467.16
EXT100169,SKU0024,3,477.19
EXT100169,SKU0023,2,168.46
EXT100169,SKU0013,4,6.72
EXT100170,SKU0029,2,82.73
EXT100170,SKU0003,6,58.87
EXT100171,SKU0008,6,117.93
EXT100172,SKU0019,3,470.98
EXT100172,SKU0001,6,340.38
EXT100173,SKU0002,5,147.03
EXT100173,SKU0022,2,221.53
EXT100173,SKU0014,3,339.05
EXT100173,SKU0048,5,57.10
EXT100174,SKU0045,1,180.36
EXT100174,SKU0043,4,133.77
EXT100175,SKU0017,2,272.26
EXT100176,SKU0019,2,460.09
EXT100177,SKU0030,6,403.85
EXT100178,SKU0005,4,357.84
EXT100179,SKU0007,6,102.45
EXT100179,SKU0002,4,154.08
EXT100179,SKU0019,6,474.43
EXT100180,SKU0021,4,305.44
EXT100181,SKU0013,4,6.45
EXT100181,SKU0033,5,395.94
EXT100182,SKU0034,3,400.24
EXT100182,SKU0020,4,22.31
EXT100183,SKU0044,3,492.38
EXT100183,SKU0023,2,179.43
EXT100183,SKU0041,3,114.95
EXT100184,SKU0041,3,124.12
EXT100185,SKU0036,3,77.72
EXT100186,SKU0010,4,243.90
EXT100186,SKU0022,4,213.85
EXT100187,SKU0027,5,476.36
EXT100187,SKU0016,5,308.32
EXT100188,SKU0029,2,78.41
EXT100188,SKU0035,6,384.40
EXT100188,SKU0009,2,439.12
EXT100189,SKU0028,2,471.14
EXT100189,SKU0050,6,26.38
EXT100190,SKU0005,6,355.52
EXT100190,SKU0036,1,87.02
EXT100190,SKU0035,2,441.90
EXT100191,SKU0049,3,96.91
EXT100192,SKU0020,6,22.02
EXT100192,SKU0029,3,83.02
EXT100192,SKU0048,2,63.72
EXT100192,SKU0041,2,131.97
EXT100193,SKU0039,2,106.27
EXT100193,SKU0037,5,59.01
EXT100193,SKU0040,3,191.57
EXT100194,SKU0045,4,190.33
EXT100195,SKU0046,4,217.48
EXT100195,SKU0042,4,97.63
EXT100195,SKU0024,2,452.17
EXT100195,SKU0012,1,369.59
EXT100196,SKU0027,6,474.32
EXT100196,SKU0015,2,85.06
EXT100196,SKU0048,4,60.94
EXT100197,SKU0045,4,176.66
EXT100197,SKU0021,6,295.75
EXT100197,SKU0030,4,428.95
EXT100197,SKU0016,6,264.40
EXT100198,SKU0034,1,366.17
EXT100199,SKU0016,5,285.88
EXT100200,SKU0048,5,62.85
EXT100200,SKU0003,2,49.10
EXT100200,SKU0036,3,75.72
EXT100200,SKU0025,3,355.81
EXT100201,SKU0011,1,48.67
EXT100201,SKU0028,4,438.07
EXT100201,SKU0019,6,417.87
EXT100201,SKU0040,1,182.34
EXT100202,SKU0050,6,22.79
EXT100202,SKU0038,3,423.82
EXT100203,SKU0002,6,165.76
EXT100203,SKU0012,1,389.34
EXT100203,SKU0030,3,418.93
EXT100203,SKU0038,6,457.79
EXT100204,SKU0046,1,216.18
EXT100204,SKU0047,6,176.09
EXT100205,SKU0006,4,137.06
EXT100205,SKU0034,5,348.02
EXT100205,SKU0046,2,195.66
EXT100206,SKU0022,6,225.10
EXT100206,SKU0037,2,59.37
EXT100207,SKU0027,3,453.18
EXT100208,SKU0047,3,165.96
EXT100208,SKU0050,2,23.51
EXT100208,SKU0029,2,88.44
EXT100209,SKU0030,4,433.80
EXT100210,SKU0035,2,412.48
EXT100210,SKU0001,4,359.69
EXT100210,SKU0039,4,97.22
EXT100210,SKU0032,1,96.05
EXT100211,SKU0036,5,78.44
EXT100211,SKU0018,2,39.42
EXT100212,SKU0012,2,433.64
EXT100213,SKU0003,5,57.16
EXT100213,SKU0043,5,138.09
EXT100214,SKU0007,4,120.99
EXT100215,SKU0011,3,47.71
EXT100215,SKU0044,5,459.78
EXT100216,SKU0030,5,429.25
EXT100216,SKU0048,3,62.74
EXT100217,SKU0024,4,454.53
EXT100217,SKU0025,4,337.39
EXT100217,SKU0005,2,399.07
EXT100218,SKU0034,6,429.74
EXT100218,SKU0027,2,434.53
EXT100218,SKU0014,6,315.38
EXT100219,SKU0031,6,421.96
EXT100220,SKU0028,3,434.45
EXT100220,SKU0039,5,97.33
EXT100220,SKU0021,2,284.02
EXT100221,SKU0034,4,416.97
EXT100221,SKU0047,2,152.55
EXT100221,SKU0041,6,114.40
EXT100221,SKU0032,1,96.76
EXT100222,SKU0030,6,443.23
EXT100223,SKU0040,4,164.14
EXT100223,SKU0027,1,428.39
EXT100224,SKU0001,2,354.19
EXT100224,SKU0041,6,113.34
EXT100225,SKU0020,3,24.81
EXT100225,SKU0033,1,405.61
EXT100225,SKU0036,4,86.27
EXT100226,SKU0012,2,406.39
EXT100227,SKU0031,4,458.83
EXT100227,SKU0003,2,52.14
EXT100227,SKU0042,5,92.99
EXT100227,SKU0009,3,389.09
EXT100228,SKU0034,3,410.73
EXT100229,SKU0036,2,80.47
EXT100229,SKU0035,3,397.80
EXT100229,SKU0002,1,159.29
EXT100230,SKU0022,4,216.06
EXT100231,SKU0037,4,59.07
EXT100231,SKU0039,3,106.18
EXT100232,SKU0046,4,220.59
EXT100232,SKU0003,3,59.27
EXT100232,SKU0018,4,43.11
EXT100233,SKU0012,1,400.04
EXT100233,SKU0008,2,110.68
EXT100233,SKU0024,1,437.35
EXT100234,SKU0033,4,389.65
EXT100234,SKU0010,3,231.88
EXT100234,SKU0013,2,6.78
EXT100234,SKU0022,5,212.83
EXT100235,SKU0014,1,295.86
EXT100235,SKU0047,5,172.29
EXT100236,SKU0001,3,358.89
EXT100237,SKU0022,4,210.90
EXT100238,SKU0007,5,110.18
EXT100239,SKU0037,3,53.69
EXT100240,SKU0021,2,289.22
EXT100240,SKU0013,4,7.17
EXT100241,SKU0018,2,42.82
EXT100242,SKU0014,5,326.97
EXT100243,SKU0036,2,90.89
EXT100243,SKU0021,5,284.10
EXT100243,SKU0018,2,43.12
EXT100244,SKU0035,2,421.77
EXT100244,SKU0029,1,75.49
EXT100244,SKU0004,1,137.77
EXT100245,SKU0004,2,131.89
EXT100245,SKU0006,6,125.68
EXT100245,SKU0028,6,476.51
EXT100245,SKU0026,3,52.21
EXT100246,SKU0013,6,6.81
EXT100246,SKU0046,4,199.02
EXT100246,SKU0049,5,99.17
EXT100247,SKU0007,6,116.63
EXT100247,SKU0030,6,435.51
EXT100247,SKU0020,2,21.55
EXT100247,SKU0044,2,505.14
EXT100248,SKU0026,6,52.91
EXT100248,SKU0012,3,425.90
EXT100248,SKU0045,4,160.87
EXT100249,SKU0002,3,138.51
EXT100249,SKU0005,3,377.32
EXT100249,SKU0031,3,432.17
EXT100249,SKU0008,1,104.10
EXT100250,SKU0046,6,210.60
EXT100250,SKU0007,4,111.26
EXT100250,SKU0021,4,284.22
EXT100250,SKU0036,2,82.13
EXT100251,SKU0031,1,419.46
EXT100251,SKU0025,5,369.07
EXT100252,SKU0028,6,490.17
EXT100252,SKU0037,1,62.81
EXT100252,SKU0022,6,230.64
EXT100252,SKU0035,4,395.15
EXT100253,SKU0038,5,403.38
EXT100254,SKU0012,5,421.64
EXT100254,SKU0020,1,22.22
EXT100254,SKU0026,4,52.42
EXT100254,SKU0005,3,345.15
EXT100255,SKU0014,2,321.21
EXT100256,SKU0049,2,90.67
EXT100257,SKU0025,4,326.68
EXT100257,SKU0040,2,183.10
EXT100257,SKU0037,3,64.27
EXT100258,SKU0028,1,457.99
EXT100258,SKU0046,5,195.91
EXT100258,SKU0023,4,166.47
EXT100259,SKU0024,5,413.98
EXT100260,SKU0001,6,292.31
EXT100261,SKU0019,1,429.32
EXT100262,SKU0028,5,470.27
EXT100262,SKU0045,4,183.64
EXT100263,SKU0025,6,346.96
EXT100263,SKU0028,5,498.86
EXT100263,SKU0035,4,416.95
EXT100263,SKU0014,4,307.76
EXT100264,SKU0019,2,458.24
EXT100264,SKU0043,1,144.97
EXT100265,SKU0047,6,145.23
EXT100265,SKU0032,1,99.30
EXT100266,SKU0042,4,106.69
EXT100266,SKU0027,4,421.49
EXT100267,SKU0030,4,410.56
EXT100267,SKU0033,3,385.39
EXT100268,SKU0012,5,439.90
EXT100268,SKU0028,6,488.38
EXT100269,SKU0046,3,192.04
EXT100269,SKU0033,3,405.38
EXT100270,SKU0003,5,53.60
EXT100271,SKU0045,6,179.72
EXT100271,SKU0006,5,159.76
EXT100271,SKU0010,3,243.17
EXT100271,SKU0047,4,158.70
EXT100272,SKU0016,4,276.28
EXT100273,SKU0044,6,452.74
EXT100274,SKU0022,5,214.25
EXT100275,SKU0031,4,416.54
EXT100276,SKU0027,3,440.67
EXT100276,SKU0023,2,174.99
EXT100276,SKU0019,6,463.71
EXT100277,SKU0047,1,161.29
EXT100277,SKU0037,5,55.72
EXT100277,SKU0017,1,276.13
EXT100278,SKU0019,4,436.81
EXT100279,SKU0009,5,460.30
EXT100280,SKU0009,3,444.55
EXT100280,SKU0040,3,182.39
EXT100280,SKU0018,2,42.34
EXT100281,SKU0043,3,144.89
EXT100281,SKU0029,6,78.54
EXT100282,SKU0032,5,96.56
EXT100282,SKU0012,1,401.02
EXT100283,SKU0039,4,103.88
EXT100283,SKU0010,4,234.08
EXT100284,SKU0043,6,139.72
EXT100284,SKU0029,6,79.37
EXT100285,SKU0004,1,143.09
EXT100285,SKU0042,4,102.42
EXT100285,SKU0017,3,248.64
EXT100286,SKU0025,6,348.81
EXT100286,SKU0044,4,470.24
EXT100287,SKU0001,6,337.08
EXT100287,SKU0019,3,485.74
EXT100287,SKU0029,1,80.03
EXT100287,SKU0025,1,363.83
EXT100288,SKU0040,3,171.81
EXT100288,SKU0042,3,101.85
EXT100288,SKU0018,5,40.71
EXT100288,SKU0022,4,201.90
EXT100289,SKU0047,5,171.98
EXT100289,SKU0044,2,447.51
EXT100290,SKU0021,1,290.58
EXT100290,SKU0036,6,85.37
EXT100291,SKU0007,3,109.37
EXT100291,SKU0034,2,399.74
EXT100291,SKU0044,1,465.41
EXT100291,SKU0029,1,80.48
EXT100292,SKU0039,1,102.58
EXT100292,SKU0041,6,117.72
EXT100293,SKU0025,6,340.71
EXT100293,SKU0043,5,144.41
EXT100294,SKU0045,2,173.42
EXT100295,SKU0019,1,419.51
EXT100295,SKU0030,3,395.48
EXT100295,SKU0043,4,139.14
EXT100296,SKU0017,1,263.04
EXT100296,SKU0011,3,51.11
EXT100296,SKU0050,3,22.78
EXT100297,SKU0017,3,285.00
EXT100298,SKU0040,2,181.12
EXT100298,SKU0026,6,54.32
EXT100299,SKU0014,4,320.82
EXT100299,SKU0040,6,177.95
EXT100299,SKU0042,1,101.94
EXT100299,SKU0007,5,107.93
EXT100300,SKU0032,2,85.73
EXT100301,SKU0003,6,55.03
EXT100302,SKU0026,5,56.90
EXT100302,SKU0037,6,61.67
EXT100302,SKU0001,4,328.40
EXT100303,SKU0047,2,189.89
EXT100303,SKU0050,4,24.00
EXT100303,SKU0005,1,332.78
EXT100303,SKU0035,3,386.84
EXT100304,SKU0044,1,442.44
EXT100304,SKU0020,1,20.70
EXT100304,SKU0026,3,48.93
EXT100305,SKU0030,3,421.08
EXT100306,SKU0012,1,445.44
EXT100306,SKU0036,3,82.55
EXT100307,SKU0007,4,115.92
EXT100307,SKU0041,6,119.50
EXT100307,SKU0045,2,182.55
EXT100307,SKU0023,6,161.57
EXT100308,SKU0032,1,95.57
EXT100308,SKU0025,4,318.90
EXT100309,SKU0002,3,153.72
EXT100309,SKU0003,1,55.47
EXT100309,SKU0022,2,223.41
EXT100309,SKU0004,4,126.47
EXT100310,SKU0048,2,62.85
EXT100310,SKU0038,2,427.32
EXT100311,SKU0042,1,100.93
EXT100311,SKU0002,1,164.26
EXT100311,SKU0031,2,409.14
EXT100311,SKU0040,1,163.79
EXT100312,SKU0040,1,187.10
EXT100312,SKU0011,5,52.93
EXT100312,SKU0038,2,443.35
EXT100312,SKU0005,3,377.34
EXT100313,SKU0021,5,311.49
EXT100313,SKU0008,2,113.43
EXT100313,SKU0044,1,465.38
EXT100313,SKU0037,1,57.05
EXT100314,SKU0010,2,241.63
EXT100314,SKU0049,4,87.80
EXT100314,SKU0027,2,448.35
EXT100315,SKU0041,5,114.60
EXT100316,SKU0050,1,24.69
EXT100316,SKU0011,1,50.75
EXT100316,SKU0002,6,143.93
EXT100316,SKU0032,4,85.80
EXT100317,SKU0045,6,177.54
EXT100317,SKU0009,2,450.36
EXT100317,SKU0014,2,316.96
EXT100317,SKU0010,2,244.63
EXT100318,SKU0040,3,168.16
EXT100318,SKU0006,2,144.17
EXT100318,SKU0041,1,131.12
EXT100318,SKU0020,5,22.57
EXT100319,SKU0049,2,87.00
EXT100319,SKU0035,2,412.68
EXT100319,SKU0033,3,401.34
EXT100320,SKU0044,4,487.48
EXT100320,SKU0031,2,468.11
EXT100321,SKU0042,3,110.20
EXT100322,SKU0014,3,295.38
EXT100322,SKU0028,4,452.77
EXT100322,SKU0017,1,286.33
EXT100323,SKU0011,4,51.20
EXT100323,SKU0002,5,165.32
EXT100324,SKU0038,6,460.42
EXT100324,SKU0021,6,301.86
EXT100324,SKU0027,1,433.11
EXT100324,SKU0013,3,6.79
EXT100325,SKU0013,4,7.01
EXT100325,SKU0025,5,306.76
EXT100325,SKU0015,2,85.85
EXT100325,SKU0005,2,390.95
EXT100326,SKU0024,2,439.12
EXT100326,SKU0009,6,416.51
EXT100326,SKU0030,3,446.30
EXT100326,SKU0047,2,179.65
EXT100327,SKU0009,4,432.74
EXT100327,SKU0008,4,108.09
EXT100327,SKU0030,3,450.46
EXT100328,SKU0041,2,108.90
EXT100328,SKU0040,2,172.76
EXT100329,SKU0027,5,369.81
EXT100330,SKU0030,4,437.82
EXT100330,SKU0018,6,43.36
EXT100330,SKU0001,4,326.50
EXT100330,SKU0047,5,172.26
EXT100331,SKU0037,4,65.11
EXT100331,SKU0001,1,353.92
EXT100332,SKU0028,5,493.89
EXT100333,SKU0031,4,442.98
EXT100333,SKU0045,1,190.23
EXT100333,SKU0007,6,107.73
EXT100333,SKU0029,2,71.59
EXT100334,SKU0019,1,485.91
EXT100334,SKU0016,2,280.15
EXT100334,SKU0042,6,94.27
EXT100335,SKU0030,4,440.10
EXT100336,SKU0046,2,205.26
EXT100336,SKU0026,4,53.28
EXT100337,SKU0041,1,108.73
EXT100338,SKU0019,4,475.38
EXT100339,SKU0045,5,183.16
EXT100339,SKU0040,1,163.01
EXT100339,SKU0035,5,430.60
EXT100340,SKU0033,6,370.50
EXT100341,SKU0004,3,133.99
EXT100341,SKU0008,3,106.11
EXT100341,SKU0025,2,326.64
EXT100342,SKU0009,2,400.42
EXT100342,SKU0022,5,227.13
EXT100343,SKU0049,2,96.88
EXT100343,SKU0048,3,60.62
EXT100344,SKU0018,3,43.58
EXT100344,SKU0004,4,127.63
EXT100344,SKU0005,1,374.47
EXT100344,SKU0024,4,441.51
EXT100345,SKU0029,6,75.56
EXT100345,SKU0040,6,185.73
EXT100345,SKU0024,1,400.07
EXT100346,SKU0030,1,422.47
EXT100346,SKU0006,1,142.59
EXT100347,SKU0011,3,51.78
EXT100348,SKU0014,6,326.24
EXT100348,SKU0034,1,387.87
EXT100349,SKU0031,4,497.48
EXT100349,SKU0023,4,157.46
EXT100350,SKU0005,2,368.63
EXT100350,SKU0002,5,148.34
EXT100351,SKU0042,5,96.51
EXT100351,SKU0021,6,284.11
EXT100351,SKU0032,4,85.27
EXT100352,SKU0020,3,22.99
EXT100352,SKU0037,3,61.30
EXT100352,SKU0009,1,437.61
EXT100352,SKU0011,2,52.35
EXT100353,SKU0046,3,205.44
EXT100353,SKU0035,6,417.81
EXT100354,SKU0011,1,52.83
EXT100354,SKU0016,2,281.18
EXT100355,SKU0017,5,277.08
EXT100355,SKU0024,3,417.87
EXT100355,SKU0012,2,397.47
EXT100355,SKU0014,2,334.67
EXT100356,SKU0008,4,107.27
EXT100356,SKU0002,3,134.70
EXT100356,SKU0026,2,60.45
EXT100357,SKU0042,4,100.82
EXT100357,SKU0046,3,219.52
EXT100357,SKU0019,5,445.25
EXT100358,SKU0037,4,57.75
EXT100358,SKU0047,4,172.42
EXT100359,SKU0009,6,409.79
EXT100360,SKU0040,1,175.67
EXT100360,SKU0015,3,90.70
EXT100360,SKU0029,5,83.48
EXT100360,SKU0023,5,160.80
EXT100361,SKU0013,5,7.54
EXT100361,SKU0002,4,144.67
EXT100361,SKU0006,5,124.05
EXT100362,SKU0013,5,6.65
EXT100362,SKU0032,6,93.66
EXT100362,SKU0021,3,274.73
EXT100362,SKU0039,4,108.73
EXT100363,SKU0025,3,334.36
EXT100363,SKU0024,4,465.95
EXT100363,SKU0001,5,358.66
EXT100364,SKU0048,2,64.71
EXT100364,SKU0027,6,465.49
EXT100364,SKU0029,4,80.71
EXT100364,SKU0019,2,468.07
EXT100365,SKU0014,4,301.79
EXT100365,SKU0020,5,23.25
EXT100366,SKU0006,3,139.59
EXT100366,SKU0001,4,344.08
EXT100366,SKU0027,5,464.60
EXT100366,SKU0041,2,118.77
EXT100367,SKU0036,3,91.32
EXT100367,SKU0032,5,91.79
EXT100367,SKU0003,4,59.68
EXT100368,SKU0002,2,151.67
EXT100368,SKU0001,6,377.40
EXT100369,SKU0008,4,110.73
EXT100369,SKU0042,6,110.50
EXT100369,SKU0043,2,154.87
EXT100369,SKU0019,4,459.28
EXT100370,SKU0039,6,99.95
EXT100371,SKU0017,6,295.00
EXT100371,SKU0041,1,108.80
EXT100371,SKU0044,1,511.71
EXT100371,SKU0031,3,445.29
EXT100372,SKU0030,3,439.40
EXT100372,SKU0045,2,186.82
EXT100372,SKU0009,6,433.79
EXT100373,SKU0004,6,143.43
EXT100373,SKU0019,6,441.86
EXT100373,SKU0034,2,404.61
EXT100374,SKU0035,3,378.98
EXT100374,SKU0021,6,296.94
EXT100375,SKU0007,3,105.12
EXT100375,SKU0035,2,430.79
EXT100375,SKU0038,3,432.10
EXT100376,SKU0027,2,451.48
EXT100376,SKU0022,2,224.09
EXT100376,SKU0011,5,47.07
EXT100376,SKU0007,5,102.52
EXT100377,SKU0027,4,452.17
EXT100378,SKU0002,3,151.27
EXT100378,SKU0031,3,436.93
EXT100379,SKU0039,2,101.14
EXT100379,SKU0034,6,390.92
EXT100379,SKU0049,1,100.65
EXT100379,SKU0022,2,229.31
EXT100380,SKU0020,2,24.10
EXT100380,SKU0009,2,449.50
EXT100381,SKU0005,1,370.18
EXT100382,SKU0049,1,100.10
EXT100382,SKU0028,5,494.37
EXT100382,SKU0003,1,50.24
EXT100382,SKU0013,1,6.90
EXT100383,SKU0020,6,23.34
EXT100384,SKU0039,2,103.94
EXT100385,SKU0012,3,426.99
EXT100385,SKU0043,6,143.64
EXT100386,SKU0038,5,435.70
EXT100386,SKU0023,5,146.94
EXT100386,SKU0011,5,54.95
EXT100387,SKU0034,2,417.60
EXT100388,SKU0019,5,488.79
EXT100388,SKU0011,2,50.80
EXT100389,SKU0024,4,445.01
EXT100389,SKU0045,3,175.04
EXT100389,SKU0038,4,407.05
EXT100389,SKU0012,4,426.99
EXT100390,SKU0049,3,95.00
EXT100391,SKU0032,3,95.37
EXT100391,SKU0049,6,91.61
EXT100392,SKU0021,4,316.14
EXT100393,SKU0025,3,315.67
EXT100394,SKU0015,4,86.83
EXT100394,SKU0036,2,89.33
EXT100394,SKU0027,4,405.86
EXT100394,SKU0019,6,450.00
EXT100395,SKU0044,5,486.48
EXT100395,SKU0007,6,108.03
EXT100395,SKU0026,4,54.62
EXT100395,SKU0029,4,77.70
EXT100396,SKU0005,2,324.20
EXT100396,SKU0024,3,463.30
EXT100397,SKU0008,4,115.48
EXT100397,SKU0015,3,85.65
EXT100397,SKU0028,5,445.73
EXT100397,SKU0047,3,169.52
EXT100398,SKU0023,4,143.44
EXT100398,SKU0031,4,428.87
EXT100398,SKU0043,4,142.62
EXT100398,SKU0039,1,108.12
EXT100399,SKU0041,1,119.99
EXT100399,SKU0009,1,424.11
EXT100400,SKU0044,5,438.20
EXT100400,SKU0002,6,150.17
EXT100400,SKU0012,5,431.15
EXT100400,SKU0025,1,344.23
EXT100401,SKU0030,4,401.20
EXT100401,SKU0013,4,6.34
EXT100401,SKU0019,5,451.59
EXT100401,SKU0043,5,154.98
EXT100402,SKU0008,4,106.78
EXT100402,SKU0025,4,338.33
EXT100402,SKU0029,5,81.76
EXT100402,SKU0021,6,301.31
EXT100403,SKU0032,2,90.72
EXT100403,SKU0028,3,481.03
EXT100404,SKU0037,6,55.21
EXT100405,SKU0043,5,133.89
EXT100405,SKU0036,2,84.82
EXT100405,SKU0044,5,501.37
EXT100405,SKU0035,5,411.77
EXT100406,SKU0040,3,177.17
EXT100406,SKU0044,1,488.83
EXT100406,SKU0023,2,161.38
EXT100406,SKU0050,6,22.99
EXT100407,SKU0049,6,92.24
EXT100408,SKU0023,6,160.59
EXT100408,SKU0027,2,443.13
EXT100408,SKU0004,5,145.73
EXT100409,SKU0045,1,181.82
EXT100410,SKU0002,3,150.42
EXT100410,SKU0035,1,367.00
EXT100411,SKU0018,5,43.27
EXT100411,SKU0002,1,160.62
EXT100411,SKU0045,4,178.04
EXT100411,SKU0031,3,405.29
EXT100412,SKU0045,6,171.67
EXT100413,SKU0022,5,223.82
EXT100413,SKU0032,2,87.33
EXT100414,SKU0024,4,409.88
EXT100414,SKU0028,1,437.55
EXT100414,SKU0013,5,6.82
EXT100415,SKU0037,5,60.75
EXT100415,SKU0026,6,60.17
EXT100415,SKU0015,5,83.21
EXT100416,SKU0038,3,425.93
EXT100417,SKU0028,6,518.19
EXT100417,SKU0014,3,306.85
EXT100417,SKU0023,6,157.40
EXT100417,SKU0005,5,365.03
EXT100418,SKU0040,6,186.57
EXT100418,SKU0033,5,393.89
EXT100418,SKU0030,6,436.78
EXT100419,SKU0037,2,55.61
EXT100419,SKU0032,4,86.38
EXT100420,SKU0041,4,123.87
EXT100420,SKU0035,1,393.26
EXT100420,SKU0040,5,181.11
EXT100421,SKU0010,6,259.92
EXT100421,SKU0048,3,63.87
EXT100422,SKU0041,2,110.43
EXT100423,SKU0018,3,41.65
EXT100423,SKU0019,2,437.13
EXT100423,SKU0042,1,101.30
EXT100423,SKU0011,3,51.18
EXT100424,SKU0032,1,94.89
EXT100424,SKU0036,1,86.99
EXT100424,SKU0028,3,491.90
EXT100424,SKU0042,5,96.67
EXT100425,SKU0042,6,99.60
EXT100425,SKU0003,1,56.33
EXT100426,SKU0039,4,109.96
EXT100426,SKU0020,1,21.80
EXT100426,SKU0005,4,400.51
EXT100427,SKU0016,5,270.28
EXT100427,SKU0008,6,103.10
EXT100428,SKU0032,5,93.78
EXT100428,SKU0006,1,140.69
EXT100428,SKU0016,5,266.15
EXT100429,SKU0048,2,63.78
EXT100429,SKU0016,3,284.08
EXT100429,SKU0028,4,446.33
EXT100429,SKU0014,1,337.75
EXT100430,SKU0035,3,384.21
EXT100430,SKU0024,2,442.73
EXT100430,SKU0045,3,194.09
EXT100430,SKU0008,3,97.23
EXT100431,SKU0046,6,216.38
EXT100431,SKU0024,6,443.61
EXT100431,SKU0020,6,22.95
EXT100431,SKU0002,6,150.74
EXT100432,SKU0017,4,269.68
EXT100432,SKU0036,3,93.65
EXT100433,SKU0035,2,418.93
EXT100434,SKU0017,2,271.72
EXT100434,SKU0020,3,23.42
EXT100434,SKU0006,4,154.05
EXT100434,SKU0049,6,89.89
EXT100435,SKU0003,4,60.98
EXT100435,SKU0018,4,41.85
EXT100435,SKU0006,3,123.89
EXT100435,SKU0050,6,21.57
EXT100436,SKU0011,6,53.35
EXT100437,SKU0033,4,363.49
EXT100437,SKU0005,6,352.07
EXT100437,SKU0023,3,155.81
EXT100438,SKU0042,6,100.94
EXT100439,SKU0041,6,119.18
EXT100439,SKU0029,6,84.61
EXT100440,SKU0021,1,303.02
EXT100440,SKU0037,6,61.46
EXT100440,SKU0006,2,145.90
EXT100441,SKU0029,2,76.42
EXT100441,SKU0031,3,454.98
EXT100441,SKU0048,3,65.78
EXT100442,SKU0013,3,7.05
EXT100442,SKU0006,5,152.82
EXT100442,SKU0027,2,447.38
EXT100443,SKU0006,2,140.01
EXT100443,SKU0030,3,429.01
EXT100444,SKU0040,2,172.92
EXT100444,SKU0028,1,501.41
EXT100444,SKU0039,5,102.96
EXT100444,SKU0017,1,299.85
EXT100445,SKU0044,6,486.23
EXT100445,SKU0032,2,97.19
EXT100445,SKU0008,3,115.58
EXT100445,SKU0015,3,84.89
EXT100446,SKU0014,6,304.66
EXT100446,SKU0039,2,99.16
EXT100446,SKU0019,2,463.82
EXT100446,SKU0047,1,167.28
EXT100447,SKU0016,6,288.57
EXT100447,SKU0024,4,471.70
EXT100447,SKU0038,3,442.41
EXT100447,SKU0044,6,470.25
EXT100448,SKU0046,3,207.04
EXT100448,SKU0028,1,494.05
EXT100448,SKU0048,3,62.70
EXT100448,SKU0039,2,99.02
EXT100449,SKU0001,3,338.44
EXT100450,SKU0020,2,24.26
EXT100450,SKU0026,5,55.17
EXT100450,SKU0043,2,142.36
EXT100450,SKU0024,3,476.55
EXT100451,SKU0009,5,412.05
EXT100451,SKU0006,3,142.03
EXT100451,SKU0021,1,310.43
EXT100451,SKU0046,3,201.23
EXT100452,SKU0028,5,513.75
EXT100452,SKU0019,5,407.05
EXT100452,SKU0017,3,274.84
EXT100453,SKU0049,6,94.49
EXT100453,SKU0010,4,253.43
EXT100453,SKU0036,2,84.58
EXT100453,SKU0043,2,148.32
EXT100454,SKU0028,4,491.27
EXT100454,SKU0008,3,112.55
EXT100454,SKU0032,4,93.36
EXT100454,SKU0003,4,59.69
EXT100455,SKU0008,1,111.26
EXT100455,SKU0023,2,160.95
EXT100456,SKU0048,3,60.65
EXT100456,SKU0033,5,412.44
EXT100457,SKU0034,5,385.21
EXT100458,SKU0027,2,446.46
EXT100458,SKU0005,3,344.69
EXT100459,SKU0019,6,463.90
EXT100460,SKU0038,2,428.72
EXT100460,SKU0007,1,118.25
EXT100460,SKU0021,6,306.82
EXT100461,SKU0030,6,490.21
EXT100461,SKU0041,6,115.91
EXT100461,SKU0018,5,44.03
EXT100461,SKU0039,6,102.39
EXT100462,SKU0014,6,314.48
EXT100462,SKU0004,6,147.81
EXT100463,SKU0036,5,80.69
EXT100464,SKU0016,4,287.59
EXT100464,SKU0050,1,24.75
EXT100465,SKU0050,6,24.05
EXT100465,SKU0026,2,58.24
EXT100465,SKU0019,4,470.51
EXT100465,SKU0042,6,102.10
EXT100466,SKU0023,1,151.22
EXT100466,SKU0043,3,134.65
EXT100467,SKU0031,4,439.27
EXT100467,SKU0018,1,42.41
EXT100467,SKU0037,5,53.17
EXT100467,SKU0039,2,98.78
EXT100468,SKU0033,3,400.59
EXT100469,SKU0044,2,510.45
EXT100469,SKU0015,6,82.79
EXT100469,SKU0042,5,105.48
EXT100469,SKU0046,1,208.58
EXT100470,SKU0020,3,23.59
EXT100470,SKU0010,3,234.22
EXT100470,SKU0009,5,435.33
EXT100470,SKU0044,1,486.46
EXT100471,SKU0033,4,373.55
EXT100472,SKU0023,1,162.17
EXT100472,SKU0017,5,305.74
EXT100472,SKU0038,4,433.60
EXT100473,SKU0012,1,452.35
EXT100473,SKU0026,3,58.74
EXT100474,SKU0038,6,392.87
EXT100474,SKU0047,3,173.67
EXT100474,SKU0030,2,435.10
EXT100475,SKU0044,5,493.08
EXT100475,SKU0007,1,111.98
EXT100475,SKU0028,2,487.50
EXT100476,SKU0030,6,412.93
EXT100476,SKU0045,5,172.65
EXT100476,SKU0026,5,53.20
EXT100476,SKU0043,6,151.12
EXT100477,SKU0020,2,22.99
EXT100477,SKU0006,2,140.62
EXT100477,SKU0009,1,435.02
EXT100477,SKU0001,6,359.07
EXT100478,SKU0028,5,494.53
EXT100478,SKU0041,4,119.90
EXT100479,SKU0031,1,476.72
EXT100479,SKU0028,6,522.15
EXT100480,SKU0032,5,93.96
EXT100480,SKU0031,4,459.72
EXT100480,SKU0002,1,151.40
EXT100480,SKU0029,6,83.14
EXT100481,SKU0027,5,432.87
EXT100481,SKU0032,1,76.44
EXT100481,SKU0048,4,59.08
EXT100481,SKU0038,6,445.21
EXT100482,SKU0015,1,81.71
EXT100482,SKU0046,1,207.00
EXT100482,SKU0004,3,141.43
EXT100482,SKU0034,4,389.09
EXT100483,SKU0032,5,97.79
EXT100484,SKU0002,2,150.55
EXT100484,SKU0011,4,49.67
EXT100484,SKU0019,2,466.10
EXT100484,SKU0047,5,175.39
EXT100485,SKU0009,4,416.68
EXT100485,SKU0019,4,469.31
EXT100485,SKU0047,6,157.97
EXT100485,SKU0046,3,208.02
EXT100486,SKU0040,3,162.77
EXT100486,SKU0014,6,320.26
EXT100487,SKU0012,2,384.72
EXT100487,SKU0013,5,6.16
EXT100488,SKU0020,1,22.93
EXT100488,SKU0016,1,271.25
EXT100488,SKU0014,6,330.03
EXT100488,SKU0036,2,87.58
EXT100489,SKU0005,3,405.35
EXT100490,SKU0008,2,89.01
EXT100490,SKU0040,3,180.50
EXT100490,SKU0015,1,85.66
EXT100490,SKU0036,2,78.50
EXT100491,SKU0046,1,212.59
EXT100492,SKU0049,5,91.16
EXT100492,SKU0008,1,106.47
EXT100492,SKU0007,1,107.83
EXT100492,SKU0040,2,165.74
EXT100493,SKU0011,6,46.95
EXT100493,SKU0047,4,169.67
EXT100493,SKU0019,1,425.94
EXT100494,SKU0042,3,101.68
EXT100494,SKU0024,2,439.52
EXT100495,SKU0027,4,428.40
EXT100495,SKU0050,1,25.13
EXT100495,SKU0001,3,316.02
EXT100495,SKU0016,3,294.83
EXT100496,SKU0010,5,238.99
EXT100496,SKU0049,4,94.98
EXT100497,SKU0027,3,465.10
EXT100497,SKU0030,1,424.88
EXT100497,SKU0034,6,418.80
EXT100497,SKU0044,1,429.20
EXT100498,SKU0021,2,279.92
EXT100498,SKU0026,1,57.00
EXT100498,SKU0050,6,24.55
EXT100499,SKU0041,6,113.81
EXT100500,SKU0027,6,424.85
EXT100500,SKU0026,6,55.09
EXT100500,SKU0044,3,486.17
EXT100501,SKU0034,6,400.74
EXT100501,SKU0040,4,172.39
EXT100501,SKU0010,5,249.59
EXT100502,SKU0045,2,181.57
EXT100502,SKU0023,5,155.34
EXT100502,SKU0042,3,94.43
EXT100502,SKU0026,2,58.72
EXT100503,SKU0014,5,314.80
EXT100503,SKU0006,6,145.71
EXT100503,SKU0033,2,433.07
EXT100504,SKU0016,6,282.37
EXT100504,SKU0050,4,24.52
EXT100504,SKU0020,1,22.78
EXT100505,SKU0017,3,299.57
EXT100505,SKU0041,1,122.15
EXT100505,SKU0033,4,382.77
EXT100506,SKU0022,5,234.73
EXT100506,SKU0016,6,293.47
EXT100506,SKU0048,5,59.40
EXT100506,SKU0038,5,431.84
EXT100507,SKU0046,5,211.35
EXT100507,SKU0025,6,342.85
EXT100508,SKU0050,4,25.01
EXT100508,SKU0024,1,464.31
EXT100509,SKU0006,4,145.67
EXT100509,SKU0004,2,129.76
EXT100509,SKU0028,5,494.81
EXT100509,SKU0009,4,405.22
EXT100510,SKU0017,4,273.65
EXT100510,SKU0038,4,410.47
EXT100510,SKU0032,6,83.21
EXT100510,SKU0041,4,116.79
EXT100511,SKU0032,4,91.44
EXT100511,SKU0046,2,214.76
EXT100512,SKU0045,2,176.68
EXT100513,SKU0031,5,404.27
EXT100513,SKU0003,5,61.35
EXT100513,SKU0048,4,64.38
EXT100513,SKU0011,3,52.25
EXT100514,SKU0034,2,414.78
EXT100515,SKU0020,1,23.49
EXT100515,SKU0019,2,471.37
EXT100515,SKU0032,1,98.66
EXT100516,SKU0019,6,440.91
EXT100516,SKU0014,3,320.95
EXT100516,SKU0012,1,430.36
EXT100517,SKU0037,4,56.30
EXT100517,SKU0029,4,85.41
EXT100517,SKU0022,2,199.95
EXT100518,SKU0033,4,394.41
EXT100518,SKU0041,2,106.82
EXT100519,SKU0006,5,135.52
EXT100519,SKU0040,4,181.57
EXT100519,SKU0043,3,125.51
EXT100520,SKU0048,2,60.10
EXT100520,SKU0018,6,45.19
EXT100520,SKU0042,6,101.70
EXT100520,SKU0006,3,136.48
EXT100521,SKU0013,5,6.69
EXT100522,SKU0037,5,59.75
EXT100523,SKU0008,6,111.36
EXT100524,SKU0002,2,153.54
EXT100524,SKU0018,5,45.55
EXT100525,SKU0006,4,132.92
EXT100525,SKU0035,1,393.80
EXT100525,SKU0039,3,98.83
EXT100525,SKU0021,5,299.19
EXT100526,SKU0025,1,363.85
EXT100526,SKU0017,3,280.41
EXT100526,SKU0006,2,144.72
EXT100527,SKU0020,6,24.61
EXT100527,SKU0027,2,495.23
EXT100528,SKU0002,1,160.25
EXT100528,SKU0046,3,195.98
EXT100529,SKU0021,1,301.56
EXT100529,SKU0017,2,283.89
EXT100529,SKU0025,2,365.67
EXT100529,SKU0008,4,99.52
EXT100530,SKU0018,1,42.11
EXT100531,SKU0030,1,410.94
EXT100531,SKU0036,2,84.23
EXT100531,SKU0027,1,435.81
EXT100532,SKU0016,5,313.59
EXT100533,SKU0020,4,20.75
EXT100533,SKU0037,5,60.39
EXT100534,SKU0010,5,268.27
EXT100534,SKU0024,5,446.35
EXT100535,SKU0036,4,89.46
EXT100535,SKU0029,6,80.13
EXT100535,SKU0003,2,62.83
EXT100535,SKU0001,4,335.72
EXT100536,SKU0039,4,113.77
EXT100536,SKU0017,2,282.52
EXT100536,SKU0044,5,494.21
EXT100537,SKU0048,5,59.97
EXT100537,SKU0035,1,399.95
EXT100538,SKU0009,6,447.54
EXT100539,SKU0028,5,507.61
EXT100539,SKU0014,6,316.66
EXT100539,SKU0040,3,161.67
EXT100540,SKU0018,3,37.82
EXT100540,SKU0016,2,259.87
EXT100540,SKU0043,1,145.33
EXT100540,SKU0021,6,315.46
EXT100541,SKU0001,5,363.84
EXT100541,SKU0044,6,471.75
EXT100541,SKU0012,5,381.81
EXT100541,SKU0027,1,450.09
EXT100542,SKU0035,1,377.72
EXT100543,SKU0044,5,474.13
EXT100543,SKU0008,6,108.35
EXT100543,SKU0023,1,162.96
EXT100543,SKU0025,2,354.26
EXT100544,SKU0001,3,324.44
EXT100544,SKU0015,2,78.93
EXT100544,SKU0048,1,63.85
EXT100544,SKU0002,6,143.38
EXT100545,SKU0015,3,89.80
EXT100545,SKU0032,6,95.03
EXT100546,SKU0001,6,308.67
EXT100546,SKU0013,5,7.17
EXT100547,SKU0011,6,47.17
EXT100547,SKU0036,5,81.25
EXT100547,SKU0013,2,6.92
EXT100547,SKU0043,1,144.40
EXT100548,SKU0017,2,299.39
EXT100548,SKU0037,3,55.30
EXT100549,SKU0044,6,468.97
EXT100549,SKU0002,6,143.69
EXT100550,SKU0001,6,373.16
EXT100550,SKU0028,4,505.48
EXT100550,SKU0042,4,99.46
EXT100550,SKU0044,4,519.71
EXT100551,SKU0024,6,452.86
EXT100551,SKU0034,4,418.13
EXT100551,SKU0049,5,92.94
EXT100551,SKU0003,2,56.37
EXT100552,SKU0006,6,141.44
EXT100552,SKU0037,1,62.93
EXT100552,SKU0002,2,155.43
EXT100553,SKU0041,6,120.22
EXT100554,SKU0002,4,151.65
EXT100555,SKU0017,4,283.94
EXT100555,SKU0016,2,303.49
EXT100555,SKU0007,3,106.62
EXT100556,SKU0005,5,349.37
EXT100556,SKU0050,6,22.55
EXT100557,SKU0038,1,397.58
EXT100557,SKU0008,6,113.52
EXT100557,SKU0006,1,140.32
EXT100557,SKU0004,4,133.53
EXT100558,SKU0020,5,22.53
EXT100559,SKU0036,1,82.70
EXT100560,SKU0025,5,342.77
EXT100560,SKU0026,5,53.84
EXT100560,SKU0007,6,104.99
EXT100561,SKU0028,6,468.24
EXT100561,SKU0040,6,180.09
EXT100561,SKU0007,3,103.38
EXT100561,SKU0022,5,219.53
EXT100562,SKU0038,2,439.36
EXT100563,SKU0041,3,111.29
EXT100563,SKU0033,5,410.01
EXT100564,SKU0012,1,434.67
EXT100564,SKU0016,5,291.33
EXT100564,SKU0009,6,427.70
EXT100564,SKU0003,5,53.85
EXT100565,SKU0010,3,238.67
EXT100565,SKU0031,1,430.24
EXT100566,SKU0004,5,139.57
EXT100566,SKU0016,1,261.93
EXT100567,SKU0023,3,160.92
EXT100567,SKU0013,6,7.12
EXT100567,SKU0041,4,111.16
EXT100567,SKU0005,5,362.70
EXT100568,SKU0040,3,183.21
EXT100568,SKU0020,1,23.90
EXT100568,SKU0027,4,443.01
EXT100569,SKU0045,4,179.58
EXT100569,SKU0015,5,86.10
EXT100570,SKU0048,4,65.55
EXT100570,SKU0025,2,343.54
EXT100570,SKU0014,1,318.72
EXT100571,SKU0023,1,153.48
EXT100572,SKU0013,3,6.70
EXT100572,SKU0041,1,119.15
EXT100572,SKU0038,3,427.79
EXT100572,SKU0049,2,94.10
EXT100573,SKU0022,2,226.07
EXT100573,SKU0036,2,84.67
EXT100574,SKU0007,2,112.47
EXT100574,SKU0002,4,144.22
EXT100574,SKU0044,3,442.04
EXT100575,SKU0020,2,22.08
EXT100575,SKU0030,2,448.24
EXT100576,SKU0046,2,204.68
EXT100576,SKU0005,4,360.83
EXT100576,SKU0008,6,100.74
EXT100576,SKU0010,6,258.68
EXT100577,SKU0003,5,51.57
EXT100577,SKU0049,3,88.61
EXT100578,SKU0021,1,285.17
EXT100578,SKU0016,2,269.89
EXT100579,SKU0014,6,313.09
EXT100579,SKU0047,4,165.54
EXT100579,SKU0006,6,139.86
EXT100579,SKU0031,5,419.93
EXT100580,SKU0012,5,404.27
EXT100580,SKU0021,4,271.48
EXT100580,SKU0046,4,201.66
EXT100580,SKU0024,5,472.59
EXT100581,SKU0014,2,334.25
EXT100582,SKU0026,3,54.00
EXT100582,SKU0014,4,336.33
EXT100583,SKU0017,2,270.81
EXT100583,SKU0036,1,82.38
EXT100583,SKU0006,2,147.93
EXT100584,SKU0030,5,416.46
EXT100585,SKU0028,3,469.35
EXT100585,SKU0027,3,432.36
EXT100585,SKU0024,2,459.51
EXT100585,SKU0032,3,91.08
EXT100586,SKU0019,5,435.55
EXT100587,SKU0018,2,42.91
EXT100588,SKU0035,2,410.85
EXT100589,SKU0013,3,6.56
EXT100589,SKU0044,6,525.65
EXT100589,SKU0022,3,223.14
EXT100590,SKU0049,6,99.31
EXT100590,SKU0046,5,203.97
EXT100591,SKU0019,4,450.89
EXT100591,SKU0023,5,157.65
EXT100591,SKU0026,6,55.45
EXT100592,SKU0026,2,55.56
EXT100592,SKU0015,2,82.10
EXT100593,SKU0047,3,173.98
EXT100593,SKU0030,6,414.10
EXT100593,SKU0022,4,220.73
EXT100593,SKU0006,5,147.21
EXT100594,SKU0024,2,439.55
EXT100595,SKU0032,6,92.63
EXT100596,SKU0022,4,213.39
EXT100596,SKU0015,6,81.01
EXT100596,SKU0027,5,433.62
EXT100597,SKU0009,2,454.22
EXT100598,SKU0037,5,55.91
EXT100598,SKU0041,4,112.78
EXT100598,SKU0039,2,105.58
EXT100599,SKU0013,5,6.72
EXT100599,SKU0031,4,429.22
EXT100599,SKU0007,2,105.69
EXT100599,SKU0022,1,214.64
EXT100600,SKU0002,4,148.92
EXT100600,SKU0012,3,420.25
EXT100600,SKU0013,5,7.03
EXT100600,SKU0005,1,355.36
EXT100601,SKU0011,3,51.37
EXT100602,SKU0026,5,51.87
EXT100602,SKU0011,4,52.74
EXT100602,SKU0008,2,108.24
EXT100602,SKU0009,4,437.75
EXT100603,SKU0011,5,51.86
EXT100603,SKU0039,4,111.68
EXT100603,SKU0037,3,61.20
EXT100603,SKU0020,4,26.18
EXT100604,SKU0026,5,57.09
EXT100605,SKU0030,1,408.24
EXT100605,SKU0037,3,54.53
EXT100605,SKU0003,3,51.26
EXT100605,SKU0048,6,65.12
EXT100606,SKU0040,2,164.89
EXT100606,SKU0012,5,413.11
EXT100606,SKU0027,6,418.30
EXT100606,SKU0016,2,276.10
EXT100607,SKU0016,2,272.17
EXT100608,SKU0041,6,123.07
EXT100608,SKU0035,6,390.54
EXT100608,SKU0019,2,472.00
EXT100609,SKU0024,1,437.41
EXT100610,SKU0033,3,382.34
EXT100611,SKU0033,4,398.58
EXT100611,SKU0003,1,60.16
EXT100612,SKU0025,2,354.33
EXT100612,SKU0022,4,225.78
EXT100612,SKU0048,6,62.64
EXT100612,SKU0026,2,53.72
EXT100613,SKU0030,6,464.82
EXT100613,SKU0005,2,367.97
EXT100613,SKU0006,4,132.50
EXT100613,SKU0036,3,85.19
EXT100614,SKU0039,1,101.13
EXT100615,SKU0019,5,451.70
EXT100615,SKU0008,6,102.57
EXT100616,SKU0044,3,496.58
EXT100617,SKU0046,6,210.69
EXT100617,SKU0003,5,57.20
EXT100618,SKU0025,6,368.49
EXT100619,SKU0029,1,85.28
EXT100619,SKU0004,2,137.90
EXT100619,SKU0039,2,101.09
EXT100620,SKU0002,4,157.20
EXT100621,SKU0001,3,346.45
EXT100622,SKU0015,1,79.19
EXT100623,SKU0047,1,165.44
EXT100623,SKU0011,3,51.30
EXT100624,SKU0036,5,85.19
EXT100624,SKU0041,4,122.29
EXT100624,SKU0013,1,6.78
EXT100625,SKU0012,6,425.30
EXT100625,SKU0001,3,347.16
EXT100625,SKU0026,2,56.03
EXT100626,SKU0043,3,138.88
EXT100627,SKU0014,4,307.94
EXT100628,SKU0050,1,23.45
EXT100628,SKU0039,5,94.86
EXT100628,SKU0032,2,93.75
EXT100629,SKU0041,6,117.92
EXT100629,SKU0045,6,182.55
EXT100629,SKU0025,6,350.51
EXT100630,SKU0043,3,158.57
EXT100630,SKU0031,4,446.68
EXT100630,SKU0005,4,341.92
EXT100631,SKU0015,1,84.50
EXT100632,SKU0020,2,22.68
EXT100633,SKU0004,2,124.51
EXT100634,SKU0032,2,89.01
EXT100634,SKU0019,2,475.26
EXT100634,SKU0013,6,6.09
EXT100635,SKU0009,6,397.38
EXT100635,SKU0018,1,36.48
EXT100635,SKU0021,6,288.05
EXT100636,SKU0049,6,91.69
EXT100636,SKU0002,5,158.17
EXT100636,SKU0015,1,90.21
EXT100637,SKU0044,6,463.81
EXT100637,SKU0045,2,172.00
EXT100638,SKU0012,1,402.74
EXT100638,SKU0029,1,82.56
EXT100638,SKU0041,2,113.75
EXT100639,SKU0041,2,118.12
EXT100640,SKU0038,2,425.79
EXT100640,SKU0036,2,79.39
EXT100641,SKU0020,2,22.77
EXT100641,SKU0011,4,51.55
EXT100641,SKU0047,3,174.64
EXT100641,SKU0013,5,6.30
EXT100642,SKU0031,4,451.31
EXT100642,SKU0006,4,143.54
EXT100642,SKU0024,5,471.08
EXT100643,SKU0049,4,91.64
EXT100643,SKU0010,3,249.09
EXT100643,SKU0031,5,414.07
EXT100643,SKU0002,2,150.94
EXT100644,SKU0025,4,338.06
EXT100644,SKU0030,4,460.20
EXT100644,SKU0020,1,21.93
EXT100645,SKU0010,1,263.76
EXT100645,SKU0013,1,7.11
EXT100646,SKU0032,4,87.98
EXT100646,SKU0026,6,53.62
EXT100646,SKU0027,6,461.01
EXT100647,SKU0027,1,454.05
EXT100648,SKU0013,4,6.75
EXT100648,SKU0049,3,94.43
EXT100649,SKU0033,6,359.84
EXT100649,SKU0046,6,200.48
EXT100649,SKU0032,4,94.97
EXT100650,SKU0048,3,58.92
EXT100650,SKU0016,6,262.77
EXT100650,SKU0031,6,430.80
EXT100650,SKU0003,4,54.55
EXT100651,SKU0017,5,264.29
EXT100651,SKU0016,2,268.39
EXT100652,SKU0008,1,98.51
EXT100653,SKU0046,2,185.02
EXT100653,SKU0038,4,441.45
EXT100653,SKU0006,6,146.18
EXT100653,SKU0034,3,377.29
EXT100654,SKU0038,6,429.89
EXT100654,SKU0020,1,23.98
EXT100654,SKU0047,3,175.90
EXT100654,SKU0027,2,440.84
EXT100655,SKU0045,4,184.91
EXT100655,SKU0020,1,24.44
EXT100655,SKU0001,4,352.13
EXT100655,SKU0011,5,48.88
EXT100656,SKU0011,2,51.73
EXT100656,SKU0012,2,391.06
EXT100656,SKU0024,1,452.23
EXT100656,SKU0046,4,196.44
EXT100657,SKU0004,2,133.99
EXT100657,SKU0048,2,61.70
EXT100658,SKU0029,6,90.27
EXT100658,SKU0041,2,117.49
EXT100658,SKU0040,1,179.89
EXT100658,SKU0007,3,110.49
EXT100659,SKU0031,6,443.43
EXT100659,SKU0032,1,97.46
EXT100660,SKU0043,5,143.25
EXT100661,SKU0007,2,108.61
EXT100662,SKU0032,3,93.70
EXT100662,SKU0031,5,422.11
EXT100662,SKU0049,3,95.32
EXT100663,SKU0016,4,274.63
EXT100663,SKU0024,3,455.31
EXT100663,SKU0043,3,143.10
EXT100664,SKU0047,1,168.30
EXT100664,SKU0009,5,421.09
EXT100664,SKU0002,2,164.86
EXT100664,SKU0039,3,96.25
EXT100665,SKU0033,1,401.16
EXT100665,SKU0027,6,481.72
EXT100665,SKU0043,1,139.46
EXT100665,SKU0013,6,6.69
EXT100666,SKU0044,5,489.31
EXT100666,SKU0029,4,76.96
EXT100666,SKU0015,1,88.41
EXT100667,SKU0028,6,519.87
EXT100667,SKU0031,3,421.15
EXT100667,SKU0043,5,144.25
EXT100668,SKU0009,4,438.36
EXT100669,SKU0020,6,26.20
EXT100670,SKU0011,6,50.52
EXT100670,SKU0029,5,81.66
EXT100670,SKU0008,6,109.42
EXT100670,SKU0031,6,461.25
EXT100671,SKU0011,3,52.13
EXT100672,SKU0050,3,22.46
EXT100672,SKU0018,6,37.76
EXT100672,SKU0015,1,80.11
EXT100672,SKU0047,6,152.44
EXT100673,SKU0006,5,140.78
EXT100673,SKU0045,6,166.77
EXT100673,SKU0022,3,205.35
EXT100673,SKU0015,6,89.70
EXT100674,SKU0042,2,100.36
EXT100674,SKU0036,1,87.27
EXT100674,SKU0028,1,469.53
EXT100674,SKU0015,2,89.78
EXT100675,SKU0037,3,60.28
EXT100676,SKU0037,1,60.33
EXT100676,SKU0048,5,56.22
EXT100676,SKU0001,4,328.38
EXT100676,SKU0020,3,23.10
EXT100677,SKU0034,5,366.50
EXT100677,SKU0043,5,144.16
EXT100678,SKU0021,4,307.83
EXT100678,SKU0010,6,230.72
EXT100678,SKU0019,2,460.86
EXT100678,SKU0015,6,81.11
EXT100679,SKU0039,3,95.75
EXT100680,SKU0033,3,422.99
EXT100680,SKU0045,4,178.54
EXT100680,SKU0008,6,108.71
EXT100681,SKU0004,2,128.92
EXT100681,SKU0022,6,224.86
EXT100681,SKU0010,6,243.29
EXT100681,SKU0046,1,218.38
EXT100682,SKU0047,2,162.14
EXT100682,SKU0026,1,53.46
EXT100682,SKU0020,6,22.52
EXT100682,SKU0043,4,154.92
EXT100683,SKU0005,3,370.59
EXT100683,SKU0034,6,429.78
EXT100683,SKU0047,5,162.82
EXT100683,SKU0019,4,468.81
EXT100684,SKU0046,3,207.99
EXT100685,SKU0042,4,99.21
EXT100685,SKU0011,2,48.71
EXT100685,SKU0037,2,59.48
EXT100685,SKU0009,6,461.96
EXT100686,SKU0024,6,456.42
EXT100687,SKU0025,6,336.38
EXT100687,SKU0028,2,496.83
EXT100688,SKU0012,6,411.34
EXT100688,SKU0004,3,120.94
EXT100688,SKU0008,6,98.03
EXT100688,SKU0033,6,388.03
EXT100689,SKU0026,3,56.30
EXT100689,SKU0032,6,91.41
EXT100690,SKU0050,4,23.52
EXT100690,SKU0045,6,169.49
EXT100690,SKU0043,4,149.73
EXT100690,SKU0006,3,143.28
EXT100691,SKU0032,6,93.95
EXT100692,SKU0002,5,161.92
EXT100692,SKU0038,6,428.05
EXT100693,SKU0038,2,358.33
EXT100694,SKU0020,3,26.23
EXT100694,SKU0037,1,57.20
EXT100694,SKU0009,5,385.76
EXT100694,SKU0007,2,102.23
EXT100695,SKU0036,1,87.45
EXT100695,SKU0035,5,419.48
EXT100695,SKU0034,6,380.75
EXT100695,SKU0032,1,93.85
EXT100696,SKU0012,5,401.37
EXT100697,SKU0001,4,338.27
EXT100697,SKU0036,2,81.76
EXT100698,SKU0042,1,91.52
EXT100698,SKU0011,1,48.80
EXT100699,SKU0008,5,101.64
EXT100700,SKU0028,1,547.53
EXT100700,SKU0043,2,137.51
EXT100701,SKU0043,2,159.32
EXT100701,SKU0035,5,388.75
EXT100701,SKU0029,3,81.71
EXT100702,SKU0045,6,181.61
EXT100702,SKU0007,2,105.62
EXT100703,SKU0020,2,22.19
EXT100703,SKU0014,3,313.68
EXT100704,SKU0009,4,441.82
EXT100704,SKU0047,4,171.84
EXT100704,SKU0040,6,185.48
EXT100705,SKU0017,6,274.52
EXT100706,SKU0045,1,173.96
EXT100706,SKU0010,6,239.71
EXT100706,SKU0035,6,386.70
EXT100706,SKU0014,5,300.28
EXT100707,SKU0027,3,466.22
EXT100707,SKU0010,1,246.20
EXT100708,SKU0005,1,344.78
EXT100708,SKU0018,4,41.62
EXT100709,SKU0022,6,237.96
EXT100710,SKU0010,1,261.16
EXT100710,SKU0015,1,76.96
EXT100710,SKU0018,4,46.13
EXT100711,SKU0008,2,95.13
EXT100712,SKU0007,5,107.41
EXT100712,SKU0034,3,376.04
EXT100712,SKU0023,1,154.16
EXT100712,SKU0045,2,172.63
EXT100713,SKU0023,6,169.56
EXT100713,SKU0048,5,56.01
EXT100714,SKU0031,1,426.75
EXT100714,SKU0038,6,417.55
EXT100714,SKU0009,2,426.13
EXT100714,SKU0017,2,265.97
EXT100715,SKU0047,6,178.42
EXT100716,SKU0046,6,190.52
EXT100716,SKU0050,2,22.76
EXT100716,SKU0016,4,302.87
EXT100717,SKU0018,6,41.92
EXT100717,SKU0028,2,470.70
EXT100717,SKU0034,3,439.47
EXT100718,SKU0050,1,24.73
EXT100718,SKU0021,1,298.38
EXT100718,SKU0006,2,137.19
EXT100718,SKU0041,3,114.24
EXT100719,SKU0001,6,348.48
EXT100719,SKU0028,6,508.66
EXT100719,SKU0044,6,512.15
EXT100719,SKU0033,4,372.66
EXT100720,SKU0040,2,190.57
EXT100721,SKU0045,2,170.96
EXT100721,SKU0035,6,382.11
EXT100721,SKU0048,5,56.16
EXT100721,SKU0023,6,149.25
EXT100722,SKU0044,5,462.66
EXT100722,SKU0049,2,95.42
EXT100723,SKU0033,1,408.98
EXT100723,SKU0023,4,152.77
EXT100724,SKU0022,6,217.93
EXT100725,SKU0035,1,400.51
EXT100725,SKU0050,3,25.27
EXT100726,SKU0001,6,324.92
EXT100726,SKU0048,3,61.18
EXT100727,SKU0030,5,437.30
EXT100728,SKU0040,4,175.58
EXT100729,SKU0020,1,21.76
EXT100729,SKU0023,4,167.81
EXT100729,SKU0007,3,115.05
EXT100730,SKU0006,5,140.22
EXT100730,SKU0034,2,364.48
EXT100731,SKU0010,6,261.33
EXT100732,SKU0015,3,83.61
EXT100732,SKU0031,2,463.53
EXT100732,SKU0026,5,56.39
EXT100733,SKU0043,3,139.74
EXT100733,SKU0029,6,77.98
EXT100733,SKU0011,6,51.65
EXT100733,SKU0009,2,440.62
EXT100734,SKU0026,6,57.35
EXT100734,SKU0027,3,453.28
EXT100735,SKU0031,3,433.70
EXT100735,SKU0043,1,134.97
EXT100736,SKU0021,4,302.16
EXT100736,SKU0049,5,92.24
EXT100737,SKU0009,2,392.43
EXT100737,SKU0008,2,105.29
EXT100737,SKU0007,6,110.01
EXT100737,SKU0002,2,166.84
EXT100738,SKU0039,4,106.93
EXT100738,SKU0048,3,61.83
EXT100738,SKU0001,4,342.42
EXT100738,SKU0028,2,457.95
EXT100739,SKU0016,1,262.94
EXT100739,SKU0018,3,43.84
EXT100740,SKU0013,6,6.75
EXT100740,SKU0031,6,427.35
EXT100740,SKU0046,5,202.75
EXT100740,SKU0007,6,106.64
EXT100741,SKU0026,3,54.37
EXT100741,SKU0003,2,58.96
EXT100742,SKU0006,4,136.63
EXT100742,SKU0004,4,125.49
EXT100743,SKU0015,4,83.95
EXT100743,SKU0022,4,228.39
EXT100744,SKU0020,1,23.28
EXT100745,SKU0024,6,432.78
EXT100745,SKU0018,1,43.16
EXT100745,SKU0023,2,160.08
EXT100746,SKU0014,3,321.70
EXT100746,SKU0019,5,464.10
EXT100746,SKU0031,4,449.65
EXT100747,SKU0022,1,209.69
EXT100747,SKU0020,2,21.32
EXT100747,SKU0008,3,99.61
EXT100748,SKU0016,2,297.55
EXT100748,SKU0042,5,92.76
EXT100748,SKU0018,2,45.19
EXT100749,SKU0003,5,62.01
EXT100750,SKU0013,4,6.62
EXT100750,SKU0046,1,214.21
EXT100751,SKU0020,2,23.48
EXT100751,SKU0047,5,168.46
EXT100751,SKU0031,2,434.81
EXT100752,SKU0036,5,92.59
EXT100752,SKU0046,4,199.49
EXT100752,SKU0017,6,276.32
EXT100752,SKU0049,1,83.34
EXT100753,SKU0027,2,414.88
EXT100753,SKU0034,2,383.99
EXT100753,SKU0033,3,416.60
EXT100753,SKU0002,6,155.98
EXT100754,SKU0048,4,59.59
EXT100754,SKU0026,1,50.70
EXT100755,SKU0029,5,76.21
EXT100755,SKU0049,4,98.79
EXT100756,SKU0014,2,301.07
EXT100756,SKU0012,1,403.38
EXT100756,SKU0001,5,310.30
EXT100757,SKU0020,6,23.32
EXT100757,SKU0015,3,82.52
EXT100757,SKU0019,1,447.98
EXT100758,SKU0019,6,480.46
EXT100758,SKU0003,2,60.96
EXT100759,SKU0004,2,135.56
EXT100759,SKU0042,3,100.54
EXT100759,SKU0016,6,267.54
EXT100760,SKU0046,5,196.87
EXT100761,SKU0047,5,162.09
EXT100761,SKU0009,6,486.77
EXT100761,SKU0027,1,449.63
EXT100762,SKU0012,5,402.46
EXT100762,SKU0017,6,306.96
EXT100762,SKU0002,5,151.42
EXT100763,SKU0047,6,161.19
EXT100764,SKU0041,2,102.47
EXT100764,SKU0039,4,104.54
EXT100764,SKU0036,5,87.06
EXT100765,SKU0010,6,240.42
EXT100765,SKU0029,4,82.43
EXT100765,SKU0015,1,80.27
EXT100765,SKU0047,2,169.16
EXT100766,SKU0037,6,59.52
EXT100766,SKU0032,3,97.24
EXT100767,SKU0012,6,409.39
EXT100767,SKU0026,1,55.22
EXT100768,SKU0016,1,276.87
EXT100768,SKU0030,1,421.37
EXT100768,SKU0042,5,104.61
EXT100768,SKU0026,1,57.49
EXT100769,SKU0049,6,95.67
EXT100770,SKU0018,2,41.80
EXT100771,SKU0001,1,305.69
EXT100772,SKU0013,2,6.60
EXT100773,SKU0049,3,92.06
EXT100773,SKU0037,1,59.99
EXT100773,SKU0029,5,79.46
EXT100773,SKU0011,1,47.36
EXT100774,SKU0003,1,55.02
EXT100775,SKU0010,2,245.23
EXT100775,SKU0001,4,323.81
EXT100775,SKU0015,3,87.60
EXT100775,SKU0002,2,163.44
EXT100776,SKU0032,2,90.42
EXT100777,SKU0015,1,88.31
EXT100778,SKU0040,3,176.12
EXT100779,SKU0024,1,474.25
EXT100780,SKU0028,3,466.82
EXT100780,SKU0034,5,410.95
EXT100781,SKU0040,1,186.59
EXT100781,SKU0019,3,481.24
EXT100781,SKU0023,3,151.76
EXT100782,SKU0001,2,337.23
EXT100783,SKU0025,6,333.12
EXT100783,SKU0029,4,82.29
EXT100784,SKU0047,3,165.12
EXT100784,SKU0018,2,43.11
EXT100784,SKU0010,3,257.89
EXT100784,SKU0006,4,130.27
EXT100785,SKU0039,6,107.46
EXT100785,SKU0041,2,109.94
EXT100785,SKU0022,5,226.95
EXT100785,SKU0009,5,400.74
EXT100786,SKU0025,5,343.61
EXT100786,SKU0006,6,131.71
EXT100787,SKU0045,2,184.36
EXT100787,SKU0006,3,162.13
EXT100788,SKU0024,5,451.26
EXT100789,SKU0009,3,452.12
EXT100789,SKU0008,2,97.14
EXT100789,SKU0004,3,123.40
EXT100789,SKU0023,5,161.28
EXT100790,SKU0016,6,301.13
EXT100790,SKU0014,6,351.58
EXT100790,SKU0015,2,84.28
EXT100790,SKU0004,4,137.00
EXT100791,SKU0004,6,129.17
EXT100791,SKU0045,5,173.83
EXT100791,SKU0007,2,114.38
EXT100792,SKU0016,1,280.58
EXT100793,SKU0037,4,59.60
EXT100794,SKU0048,6,63.68
EXT100794,SKU0034,3,370.48
EXT100795,SKU0042,1,102.10
EXT100795,SKU0045,2,190.74
EXT100795,SKU0001,5,344.45
EXT100795,SKU0019,2,449.10
EXT100796,SKU0044,3,483.54
EXT100796,SKU0030,5,398.95
EXT100796,SKU0036,4,83.72
EXT100796,SKU0046,2,202.23
EXT100797,SKU0009,5,436.48
EXT100797,SKU0048,1,62.47
EXT100797,SKU0014,6,330.38
EXT100797,SKU0026,5,55.00
EXT100798,SKU0031,4,435.87
EXT100798,SKU0021,2,306.65
EXT100798,SKU0042,4,102.23
EXT100798,SKU0026,2,55.72
EXT100799,SKU0039,1,106.21
EXT100799,SKU0050,2,23.64
EXT100799,SKU0022,1,231.06
EXT100800,SKU0039,3,105.12
EXT100800,SKU0001,1,346.00
EXT100801,SKU0018,5,39.75
EXT100801,SKU0006,4,136.24
EXT100802,SKU0004,3,140.78
EXT100803,SKU0049,5,95.61
EXT100803,SKU0019,2,443.57
EXT100803,SKU0026,3,58.44
EXT100804,SKU0045,1,169.51
EXT100804,SKU0044,5,528.54
EXT100805,SKU0033,2,426.87
EXT100806,SKU0038,2,435.68
EXT100806,SKU0003,6,50.58
EXT100806,SKU0019,1,463.25
EXT100806,SKU0011,6,50.89
EXT100807,SKU0050,2,24.77
EXT100807,SKU0046,5,186.54
EXT100808,SKU0029,3,80.83
EXT100808,SKU0009,3,391.01
EXT100808,SKU0022,1,199.65
EXT100809,SKU0016,1,295.44
EXT100809,SKU0014,4,314.97
EXT100809,SKU0040,1,179.75
EXT100809,SKU0039,3,101.08
EXT100810,SKU0032,1,91.03
EXT100811,SKU0011,5,51.12
EXT100811,SKU0005,3,368.17
EXT100811,SKU0018,6,42.90
EXT100812,SKU0017,6,312.42
EXT100812,SKU0031,5,417.30
EXT100812,SKU0049,4,102.35
EXT100812,SKU0029,4,83.49
EXT100813,SKU0040,3,165.65
EXT100813,SKU0044,3,480.96
EXT100813,SKU0009,3,446.28
EXT100813,SKU0029,4,83.61
EXT100814,SKU0044,6,523.65
EXT100814,SKU0003,6,58.03
EXT100814,SKU0040,5,195.50
EXT100815,SKU0025,4,344.29
EXT100815,SKU0011,1,51.56
EXT100815,SKU0037,6,64.38
EXT100816,SKU0023,4,148.03
EXT100817,SKU0007,1,110.59
EXT100817,SKU0006,4,140.34
EXT100817,SKU0012,3,401.76
EXT100817,SKU0047,1,157.28
EXT100818,SKU0014,1,369.42
EXT100818,SKU0045,3,168.05
EXT100818,SKU0048,4,63.19
EXT100818,SKU0031,2,428.96
EXT100819,SKU0039,4,100.27
EXT100820,SKU0024,4,465.42
EXT100821,SKU0002,6,152.48
EXT100821,SKU0049,4,92.56
EXT100822,SKU0010,1,264.22
EXT100823,SKU0026,6,53.10
EXT100823,SKU0006,2,142.00
EXT100823,SKU0020,6,23.40
EXT100824,SKU0006,4,137.03
EXT100825,SKU0049,2,90.55
EXT100825,SKU0020,4,23.80
EXT100825,SKU0011,5,50.13
EXT100826,SKU0023,1,153.27
EXT100826,SKU0045,5,181.31
EXT100826,SKU0037,1,54.65
EXT100826,SKU0025,6,330.93
EXT100827,SKU0043,6,134.30
EXT100827,SKU0047,6,166.96
EXT100827,SKU0048,4,63.71
EXT100828,SKU0032,1,95.61
EXT100828,SKU0021,3,272.14
EXT100829,SKU0029,2,77.63
EXT100830,SKU0003,2,53.28
EXT100831,SKU0027,5,447.23
EXT100831,SKU0045,2,166.84
EXT100832,SKU0014,5,335.17
EXT100832,SKU0013,3,6.67
EXT100832,SKU0044,1,476.97
EXT100833,SKU0045,4,186.07
EXT100834,SKU0027,5,462.41
EXT100834,SKU0023,2,156.43
EXT100834,SKU0035,4,394.91
EXT100834,SKU0028,5,493.66
EXT100835,SKU0035,4,399.81
EXT100835,SKU0028,6,521.94
EXT100836,SKU0041,1,125.79
EXT100836,SKU0019,1,451.25
EXT100836,SKU0045,1,171.52
EXT100836,SKU0040,4,168.13
EXT100837,SKU0032,6,93.90
EXT100838,SKU0041,4,102.15
EXT100839,SKU0043,3,145.85
EXT100840,SKU0036,4,81.48
EXT100840,SKU0025,1,324.63
EXT100840,SKU0008,4,113.36
EXT100840,SKU0013,4,7.17
EXT100841,SKU0001,3,322.40
EXT100841,SKU0024,3,462.80
EXT100841,SKU0015,4,82.69
EXT100841,SKU0033,6,394.51
EXT100842,SKU0003,3,62.31
EXT100842,SKU0001,5,345.27
EXT100842,SKU0002,3,143.81
EXT100842,SKU0010,2,284.33
EXT100843,SKU0036,2,80.46
EXT100843,SKU0026,5,52.65
EXT100844,SKU0009,2,395.58
EXT100844,SKU0041,4,121.09
EXT100844,SKU0025,4,330.91
EXT100844,SKU0047,2,181.23
EXT100845,SKU0041,5,121.42
EXT100846,SKU0049,2,96.38
EXT100846,SKU0041,1,114.12
EXT100846,SKU0017,1,264.27
EXT100846,SKU0036,5,86.06
EXT100847,SKU0002,6,133.43
EXT100847,SKU0040,5,171.62
EXT100848,SKU0002,4,144.37
EXT100848,SKU0048,2,58.06
EXT100848,SKU0047,2,165.48
EXT100848,SKU0009,2,414.81
EXT100849,SKU0047,4,170.50
EXT100849,SKU0050,3,22.20
EXT100850,SKU0010,6,282.15
EXT100851,SKU0008,4,108.00
EXT100852,SKU0007,2,106.91
EXT100853,SKU0005,4,411.19
EXT100854,SKU0014,4,325.03
EXT100854,SKU0026,4,53.11
EXT100854,SKU0007,6,116.65
EXT100855,SKU0021,2,303.66
EXT100855,SKU0041,3,118.96
EXT100855,SKU0029,5,81.66
EXT100855,SKU0011,6,50.19
EXT100856,SKU0023,5,156.35
EXT100856,SKU0031,5,468.09
EXT100856,SKU0040,3,178.42
EXT100857,SKU0013,5,6.83
EXT100858,SKU0014,1,321.01
EXT100858,SKU0024,2,462.05
EXT100859,SKU0047,6,169.77
EXT100860,SKU0018,2,44.12
EXT100860,SKU0031,5,435.38
EXT100861,SKU0030,4,411.17
EXT100861,SKU0048,2,61.84
EXT100861,SKU0032,3,97.11
EXT100862,SKU0026,5,59.65
EXT100862,SKU0007,3,111.13
EXT100862,SKU0038,6,442.59
EXT100863,SKU0028,3,500.73
EXT100863,SKU0029,5,76.29
EXT100863,SKU0039,4,97.73
EXT100863,SKU0048,3,63.82
EXT100864,SKU0029,2,89.39
EXT100865,SKU0038,5,395.34
EXT100865,SKU0027,6,468.55
EXT100865,SKU0019,4,443.91
EXT100866,SKU0008,2,107.81
EXT100867,SKU0023,1,149.81
EXT100867,SKU0016,2,270.68
EXT100868,SKU0008,6,101.53
EXT100868,SKU0001,1,333.18
EXT100868,SKU0021,5,283.39
EXT100869,SKU0015,4,84.36
EXT100869,SKU0036,2,86.63
EXT100869,SKU0005,1,345.08
EXT100870,SKU0037,6,56.77
EXT100871,SKU0044,3,486.08
EXT100871,SKU0049,4,94.80
EXT100871,SKU0028,4,505.72
EXT100871,SKU0021,1,296.74
EXT100872,SKU0029,2,77.12
EXT100873,SKU0037,3,56.18
EXT100873,SKU0002,1,143.85
EXT100874,SKU0030,3,399.52
EXT100875,SKU0026,5,56.57
EXT100875,SKU0003,6,55.89
EXT100876,SKU0005,4,400.23
EXT100877,SKU0018,3,44.39
EXT100877,SKU0021,4,315.54
EXT100877,SKU0049,4,97.26
EXT100878,SKU0026,3,54.86
EXT100879,SKU0024,5,426.59
EXT100880,SKU0002,2,154.25
EXT100881,SKU0021,6,293.97
EXT100882,SKU0015,6,88.31
EXT100882,SKU0011,5,49.29
EXT100882,SKU0006,1,152.69
EXT100882,SKU0013,3,6.49
EXT100883,SKU0008,1,107.75
EXT100884,SKU0045,3,177.67
EXT100884,SKU0040,6,180.41
EXT100884,SKU0025,4,350.80
EXT100885,SKU0009,3,450.29
EXT100886,SKU0041,5,107.99
EXT100886,SKU0029,5,81.78
EXT100886,SKU0043,4,151.04
EXT100886,SKU0008,3,102.04
EXT100887,SKU0006,3,150.00
EXT100887,SKU0017,6,298.33
EXT100888,SKU0043,6,147.45
EXT100888,SKU0042,2,99.93
EXT100889,SKU0004,2,133.38
EXT100889,SKU0014,4,324.68
EXT100889,SKU0001,1,325.75
EXT100889,SKU0043,3,145.36
EXT100890,SKU0049,4,99.42
EXT100890,SKU0020,6,23.60
EXT100890,SKU0046,2,212.74
EXT100891,SKU0024,4,468.19
EXT100891,SKU0025,4,327.44
EXT100892,SKU0005,4,380.69
EXT100892,SKU0018,5,43.80
EXT100893,SKU0010,4,261.35
EXT100894,SKU0002,2,144.30
EXT100894,SKU0030,3,464.35
EXT100895,SKU0023,1,159.66
EXT100895,SKU0017,3,275.31
EXT100895,SKU0008,5,107.04
EXT100895,SKU0036,4,82.42
EXT100896,SKU0024,6,449.60
EXT100896,SKU0007,4,108.61
EXT100896,SKU0004,3,128.83
EXT100897,SKU0026,5,55.26
EXT100897,SKU0012,5,443.57
EXT100898,SKU0007,2,112.98
EXT100898,SKU0044,1,479.27
EXT100898,SKU0004,1,131.44
EXT100898,SKU0042,5,98.91
EXT100899,SKU0018,2,44.67
EXT100900,SKU0026,6,52.97
EXT100900,SKU0007,3,105.92
EXT100900,SKU0015,2,85.06
EXT100900,SKU0047,3,160.30
EXT100901,SKU0047,2,158.91
EXT100901,SKU0001,5,355.18
EXT100901,SKU0007,6,105.09
EXT100902,SKU0045,3,176.57
EXT100902,SKU0016,3,270.45
EXT100902,SKU0011,4,50.95
EXT100903,SKU0028,3,490.08
EXT100903,SKU0022,1,226.53
EXT100903,SKU0002,1,164.56
EXT100903,SKU0012,5,401.44
EXT100904,SKU0032,2,98.04
EXT100905,SKU0008,6,115.81
EXT100905,SKU0003,5,55.96
EXT100905,SKU0002,5,155.33
EXT100905,SKU0037,1,59.94
EXT100906,SKU0020,6,22.15
EXT100907,SKU0035,4,426.58
EXT100907,SKU0017,3,281.11
EXT100907,SKU0043,3,143.80
EXT100908,SKU0046,6,216.45
EXT100908,SKU0022,5,199.37
EXT100908,SKU0034,4,425.34
EXT100909,SKU0010,4,259.04
EXT100910,SKU0043,3,137.56
EXT100910,SKU0010,6,246.95
EXT100911,SKU0024,2,469.22
EXT100911,SKU0014,1,312.91
EXT100911,SKU0048,3,65.44
EXT100911,SKU0006,4,132.46
EXT100912,SKU0017,3,293.38
EXT100912,SKU0044,4,468.03
EXT100913,SKU0020,5,21.79
EXT100913,SKU0013,5,6.72
EXT100913,SKU0003,1,53.45
EXT100914,SKU0019,4,462.56
EXT100914,SKU0008,6,110.59
EXT100914,SKU0001,5,355.84
EXT100915,SKU0040,2,175.65
EXT100915,SKU0036,3,87.06
EXT100915,SKU0043,1,138.12
EXT100916,SKU0004,4,137.27
EXT100917,SKU0001,6,338.30
EXT100917,SKU0028,2,480.32
EXT100917,SKU0023,3,167.59
EXT100918,SKU0006,3,131.34
EXT100918,SKU0046,2,209.55
EXT100919,SKU0019,2,452.06
EXT100920,SKU0031,3,441.57
EXT100921,SKU0028,3,523.74
EXT100921,SKU0026,5,54.54
EXT100921,SKU0007,6,115.79
EXT100921,SKU0017,3,285.24
EXT100922,SKU0017,4,275.36
EXT100922,SKU0009,5,432.87
EXT100923,SKU0037,5,60.88
EXT100923,SKU0041,2,106.97
EXT100923,SKU0030,4,464.06
EXT100924,SKU0009,5,409.89
EXT100925,SKU0030,4,439.68
EXT100925,SKU0023,4,166.10
EXT100925,SKU0028,5,480.55
EXT100926,SKU0050,4,24.50
EXT100927,SKU0016,3,282.12
EXT100927,SKU0038,2,396.55
EXT100927,SKU0033,3,363.30
EXT100928,SKU0049,4,98.28
EXT100929,SKU0049,1,98.34
EXT100929,SKU0034,1,394.67
EXT100929,SKU0030,1,495.82
EXT100929,SKU0004,3,125.44
EXT100930,SKU0045,6,169.54
EXT100930,SKU0022,5,209.58
EXT100930,SKU0004,1,126.00
EXT100930,SKU0008,6,106.60
EXT100931,SKU0009,2,438.64
EXT100931,SKU0015,3,80.29
EXT100931,SKU0044,1,455.81
EXT100931,SKU0041,4,112.60
EXT100932,SKU0001,2,327.72
EXT100933,SKU0034,1,402.28
EXT100934,SKU0033,4,401.45
EXT100935,SKU0004,4,148.43
EXT100935,SKU0008,5,104.72
EXT100935,SKU0020,3,23.58
EXT100935,SKU0026,6,52.08
EXT100936,SKU0028,2,476.84
EXT100937,SKU0011,6,49.47
EXT100937,SKU0033,6,370.93
EXT100938,SKU0019,5,445.00
EXT100938,SKU0043,4,139.06
EXT100938,SKU0007,4,112.50
EXT100939,SKU0030,4,437.74
EXT100940,SKU0030,4,421.68
EXT100940,SKU0008,1,104.56
EXT100940,SKU0037,6,58.14
EXT100941,SKU0003,6,55.91
EXT100941,SKU0023,2,157.87
EXT100941,SKU0009,3,384.76
EXT100941,SKU0030,2,432.81
EXT100942,SKU0046,5,216.52
EXT100942,SKU0034,3,413.39
EXT100942,SKU0025,6,339.62
EXT100943,SKU0018,6,40.36
EXT100943,SKU0049,3,94.95
EXT100944,SKU0025,2,339.64
EXT100944,SKU0031,5,434.53
EXT100944,SKU0039,6,97.83
EXT100944,SKU0043,5,142.27
EXT100945,SKU0038,1,463.20
EXT100945,SKU0040,1,192.30
EXT100945,SKU0026,2,56.72
EXT100946,SKU0043,1,132.13
EXT100947,SKU0049,6,93.42
EXT100947,SKU0015,2,91.89
EXT100947,SKU0050,6,25.46
EXT100948,SKU0049,5,93.39
EXT100948,SKU0027,6,448.76
EXT100948,SKU0005,1,355.67
EXT100948,SKU0004,6,138.27
EXT100949,SKU0012,3,433.23
EXT100950,SKU0041,5,119.30
EXT100950,SKU0037,2,59.65
EXT100951,SKU0015,2,89.63
EXT100951,SKU0013,4,7.00
EXT100951,SKU0048,2,56.89
EXT100952,SKU0038,1,408.00
EXT100953,SKU0003,1,53.25
EXT100953,SKU0009,3,431.42
EXT100954,SKU0022,2,203.79
EXT100955,SKU0013,5,6.48
EXT100955,SKU0014,5,338.19
EXT100955,SKU0037,2,59.51
EXT100955,SKU0031,6,418.82
EXT100956,SKU0005,5,369.72
EXT100956,SKU0037,2,59.91
EXT100956,SKU0006,1,134.77
EXT100956,SKU0009,2,415.79
EXT100957,SKU0017,3,308.71
EXT100957,SKU0025,3,356.99
EXT100957,SKU0046,1,195.48
EXT100958,SKU0026,5,55.43
EXT100958,SKU0040,6,187.24
EXT100958,SKU0004,3,130.26
EXT100959,SKU0003,3,54.62
EXT100960,SKU0009,2,433.96
EXT100961,SKU0049,2,84.94
EXT100961,SKU0043,5,143.43
EXT100961,SKU0004,5,132.55
EXT100962,SKU0023,1,144.75
EXT100963,SKU0039,5,101.08
EXT100963,SKU0048,6,62.31
EXT100963,SKU0040,1,186.36
EXT100963,SKU0006,2,144.79
EXT100964,SKU0028,2,495.19
EXT100964,SKU0031,2,442.30
EXT100964,SKU0020,5,21.96
EXT100965,SKU0036,4,81.23
EXT100966,SKU0025,4,336.52
EXT100967,SKU0036,1,79.62
EXT100967,SKU0009,5,447.52
EXT100967,SKU0008,2,105.23
EXT100967,SKU0029,3,80.20
EXT100968,SKU0006,1,140.75
EXT100968,SKU0038,2,399.30
EXT100969,SKU0001,6,350.16
EXT100970,SKU0004,1,138.91
EXT100970,SKU0005,1,380.90
EXT100971,SKU0023,2,161.74
EXT100971,SKU0039,4,103.76
EXT100971,SKU0042,4,96.57
EXT100972,SKU0017,5,265.37
EXT100973,SKU0032,6,97.66
EXT100973,SKU0046,2,182.88
EXT100974,SKU0046,5,198.93
EXT100974,SKU0020,5,24.43
EXT100974,SKU0024,3,438.19
EXT100974,SKU0050,1,25.30
EXT100975,SKU0023,4,154.56
EXT100976,SKU0006,5,130.44
EXT100976,SKU0014,2,313.49
EXT100976,SKU0009,1,452.70
EXT100977,SKU0047,2,165.02
EXT100977,SKU0010,4,229.87
EXT100977,SKU0003,1,61.59
EXT100978,SKU0018,3,42.79
EXT100978,SKU0038,1,469.28
EXT100978,SKU0025,4,354.95
EXT100979,SKU0002,2,154.53
EXT100979,SKU0025,4,353.14
EXT100979,SKU0029,5,84.79
EXT100979,SKU0003,5,57.05
EXT100980,SKU0002,3,167.97
EXT100980,SKU0039,5,98.50
EXT100980,SKU0049,2,93.58
EXT100981,SKU0028,1,464.83
EXT100981,SKU0047,1,149.23
EXT100981,SKU0048,6,59.57
EXT100981,SKU0049,3,100.33
EXT100982,SKU0028,5,442.46
EXT100982,SKU0037,3,60.01
EXT100982,SKU0047,6,175.98
EXT100982,SKU0050,2,24.08
EXT100983,SKU0006,5,140.71
EXT100983,SKU0016,3,270.80
EXT100983,SKU0050,5,24.96
EXT100984,SKU0024,3,458.27
EXT100984,SKU0018,5,38.48
EXT100984,SKU0043,1,149.49
EXT100985,SKU0017,4,295.55
EXT100985,SKU0012,1,393.88
EXT100985,SKU0029,3,83.18
EXT100986,SKU0041,1,113.29
EXT100986,SKU0036,5,82.98
EXT100986,SKU0014,5,318.09
EXT100986,SKU0027,2,450.06
EXT100987,SKU0050,4,25.12
EXT100987,SKU0018,2,44.39
EXT100987,SKU0017,5,276.92
EXT100988,SKU0012,6,402.97
EXT100989,SKU0038,6,437.31
EXT100989,SKU0021,3,329.10
EXT100989,SKU0003,3,61.69
EXT100989,SKU0036,3,84.62
EXT100990,SKU0039,2,102.57
EXT100991,SKU0008,2,107.50
EXT100991,SKU0033,3,358.95
EXT100991,SKU0005,6,357.52
EXT100991,SKU0016,4,291.29
EXT100992,SKU0010,5,252.46
EXT100992,SKU0002,3,149.20
EXT100992,SKU0021,6,306.27
EXT100993,SKU0031,1,444.86
EXT100993,SKU0019,2,458.22
EXT100993,SKU0040,5,190.13
EXT100994,SKU0033,6,396.57
EXT100994,SKU0046,5,206.18
EXT100994,SKU0050,2,22.09
EXT100995,SKU0038,2,374.78
EXT100995,SKU0003,1,62.97
EXT100995,SKU0043,1,164.46
EXT100995,SKU0047,5,162.15
EXT100996,SKU0035,1,383.01
EXT100996,SKU0047,5,161.20
EXT100996,SKU0008,4,104.36
EXT100996,SKU0034,5,414.20
EXT100997,SKU0016,3,279.53
EXT100997,SKU0022,1,227.14
EXT100997,SKU0050,6,24.05
EXT100998,SKU0024,5,486.46
EXT100998,SKU0006,1,148.56
EXT100998,SKU0023,5,151.73
EXT100998,SKU0036,2,79.66
EXT100999,SKU0035,4,412.99
EXT100999,SKU0016,6,271.55
EXT101000,SKU0019,1,446.18
EXT101000,SKU0022,1,206.90
EXT101000,SKU0021,2,302.80
